class,domain,n_genomes,CBB,rTCA,WL,3HP,3HP/4HB,DC/4HB,Serine Cycle,Reductive Glycine Pathway,RuMP,electron_donor
Thermoanaerobaculia,Bacteria,711,2,0,3,0,0,0,0,82,0,H2 oxidation
Terriglobia,Bacteria,2679,39,0,16,0,0,0,1,112,21,H2 oxidation
RPQS01,Bacteria,32,0,0,0,0,0,0,0,0,0,H2 oxidation
UBA9042,Bacteria,130,0,0,0,0,0,0,0,4,0,H2 oxidation
Phycisphaerae,Bacteria,2031,0,0,58,0,0,0,0,135,84,H2 oxidation
Anaerolineae,Bacteria,2860,87,0,227,0,0,0,1,575,82,H2 oxidation
Gammaproteobacteria,Bacteria,28702,2533,8,1,0,0,0,493,826,375,H2 oxidation
Ignavibacteria,Bacteria,600,0,0,0,0,0,0,0,16,0,H2 oxidation
Leptospiria,Bacteria,203,0,0,0,0,0,0,0,1,0,H2 oxidation
UBA796,Bacteria,235,0,0,3,0,0,0,0,1,0,H2 oxidation
Alphaproteobacteria,Bacteria,21830,820,0,0,0,0,0,400,748,13,H2 oxidation
WYAZ01,Bacteria,37,3,0,0,0,0,0,7,11,0,H2 oxidation
Myxococcia,Bacteria,382,12,0,0,0,0,0,0,48,6,H2 oxidation
CAIWAD01,Bacteria,16,0,0,0,0,0,0,0,0,0,H2 oxidation
Calditrichia,Bacteria,113,9,0,0,0,0,0,0,7,0,H2 oxidation
Verrucomicrobiia,Bacteria,4414,7,0,15,0,0,0,1,142,2,H2 oxidation
Krumholzibacteriia,Bacteria,216,0,0,1,0,0,0,0,0,0,H2 oxidation
Planctomycetia,Bacteria,2293,3,0,2,0,0,0,0,74,0,H2 oxidation
Hinthialibacteria,Bacteria,38,0,0,2,0,0,0,0,7,0,H2 oxidation
Vicinamibacteria,Bacteria,851,3,0,0,0,0,0,0,15,0,H2 oxidation
Bacteroidia,Bacteria,26963,10,5,16,0,0,0,1,1146,14,H2 oxidation
Gemmatimonadetes,Bacteria,2069,17,0,1,1,0,0,76,30,0,H2 oxidation
SZUA-365,Bacteria,28,0,0,0,0,0,0,0,0,0,H2 oxidation
Hydrogenedentia,Bacteria,145,1,0,9,0,0,0,0,32,0,H2 oxidation
UBA2361,Bacteria,172,0,0,0,0,0,0,0,0,0,H2 oxidation
Polyangia,Bacteria,1189,7,0,4,0,0,0,23,40,1,H2 oxidation
Limnocylindria,Bacteria,527,11,0,4,0,0,0,1,29,0,H2 oxidation
DTOL01,Bacteria,7,0,0,4,0,0,0,0,4,0,H2 oxidation
Sumerlaeia,Bacteria,87,0,0,4,0,0,0,0,5,0,H2 oxidation
Actinomycetes,Bacteria,13479,407,0,0,0,0,0,149,282,130,H2 oxidation
UBA3072,Bacteria,27,0,0,0,0,0,0,0,6,0,H2 oxidation
E2,Archaea,222,0,0,0,0,0,0,0,100,164,H2 oxidation
Dehalococcoidia,Bacteria,2107,2,0,139,0,0,0,0,29,3,H2 oxidation
UBA10030,Bacteria,301,0,0,4,0,0,0,0,12,0,H2 oxidation
Aminicenantia,Bacteria,422,0,0,19,0,0,0,0,26,0,H2 oxidation
Bipolaricaulia,Bacteria,212,0,2,32,0,0,0,0,25,0,H2 oxidation
Bathyarchaeia,Archaea,700,0,0,146,0,0,0,0,5,167,H2 oxidation
Methanomicrobia,Archaea,353,0,0,70,0,0,0,0,0,189,H2 oxidation
JABMQX01,Bacteria,15,0,0,0,0,0,0,0,7,0,H2 oxidation
Clostridia,Bacteria,23758,0,0,8,0,0,0,0,45,3,H2 oxidation
Negativicutes,Bacteria,1087,0,0,27,0,0,0,0,58,12,H2 oxidation
Binatia,Bacteria,484,4,0,0,0,0,0,1,11,0,H2 oxidation
WOR-3,Bacteria,145,2,0,0,0,0,0,0,10,2,H2 oxidation
Cyanobacteriia,Bacteria,2303,695,0,0,0,0,0,0,3,5,H2 oxidation
JdFR-97,Bacteria,11,0,0,9,0,0,0,0,4,0,H2 oxidation
Desulfobaccia,Bacteria,81,0,0,15,0,0,0,0,0,20,H2 oxidation
Desulfobacteria,Bacteria,844,0,0,221,0,0,0,0,177,22,H2 oxidation
Desulfomonilia,Bacteria,119,0,0,55,0,0,0,0,35,0,H2 oxidation
Koll11,Bacteria,956,0,0,94,0,0,0,0,72,53,H2 oxidation
Ozemobacteria,Bacteria,50,0,0,0,0,0,0,0,8,0,H2 oxidation
CLD3,Bacteria,25,0,0,0,0,0,0,0,0,0,H2 oxidation
RBG-16-71-46,Bacteria,205,0,0,0,0,0,0,0,0,0,H2 oxidation
CSSED10-310,Bacteria,6,0,0,0,0,0,0,0,0,0,H2 oxidation
Thermodesulfobacteria,Bacteria,69,0,0,46,0,0,0,0,0,0,H2 oxidation
Humimicrobiia,Bacteria,92,0,0,6,0,0,0,0,5,1,H2 oxidation
Syntrophia,Bacteria,383,0,0,13,0,0,0,0,32,0,H2 oxidation
JADJOY01,Bacteria,4,0,0,0,0,0,0,0,3,0,H2 oxidation
Thermoplasmata,Archaea,737,12,2,7,0,0,0,0,20,74,H2 oxidation
Korarchaeia,Archaea,34,0,0,6,0,0,0,0,0,25,H2 oxidation
Baldrarchaeia,Archaea,7,0,0,4,0,0,0,0,0,6,H2 oxidation
WVXT01,Bacteria,19,0,0,11,0,0,0,0,0,12,H2 oxidation
EX4484-205,Archaea,27,0,0,1,0,0,0,0,0,3,H2 oxidation
Spirochaetia,Bacteria,1551,1,0,35,0,0,0,0,59,22,H2 oxidation
SZUA-567,Bacteria,67,0,0,1,0,0,0,0,6,10,H2 oxidation
Acidimicrobiia,Bacteria,3148,51,0,1,0,0,0,49,70,2,H2 oxidation
Zymogenia,Bacteria,11,0,0,4,0,0,0,0,2,0,H2 oxidation
QNDG01,Bacteria,52,0,0,3,0,0,0,0,13,0,H2 oxidation
Thermoleophilia,Bacteria,1735,92,0,46,0,0,0,95,107,83,H2 oxidation
Aenigmatarchaeia,Archaea,321,0,0,0,0,0,0,0,0,1,H2 oxidation
Chitinivibrionia,Bacteria,88,0,0,10,0,0,0,0,6,0,H2 oxidation
UBA4802,Bacteria,120,0,0,29,0,0,0,0,32,0,H2 oxidation
SAR324,Bacteria,86,4,0,8,0,0,0,3,12,1,H2 oxidation
Elusimicrobia,Bacteria,433,0,0,0,0,0,0,0,21,0,H2 oxidation
Asgardarchaeia,Archaea,2,0,0,0,0,0,0,0,0,1,H2 oxidation
UBA2242,Bacteria,48,0,0,0,0,0,0,0,7,0,H2 oxidation
Lentisphaeria,Bacteria,458,0,1,13,0,0,0,0,10,0,H2 oxidation
Kapaibacteriia,Bacteria,357,0,0,0,0,0,0,0,3,0,H2 oxidation
Desulfarculia,Bacteria,88,0,0,33,0,0,0,0,24,0,H2 oxidation
JAAZEB01,Bacteria,4,0,0,1,0,0,0,0,2,1,H2 oxidation
Kiritimatiellia,Bacteria,884,0,0,20,0,0,0,0,48,2,H2 oxidation
UBA8468,Bacteria,55,0,0,14,0,0,0,0,8,41,H2 oxidation
UBA1135,Bacteria,354,0,0,0,0,0,0,0,17,0,H2 oxidation
Bradymonadia,Bacteria,210,0,0,0,0,0,0,0,1,0,H2 oxidation
UBA6911,Bacteria,123,0,0,2,0,0,0,0,20,0,H2 oxidation
Campylobacteria,Bacteria,2208,1,198,0,0,0,0,0,0,1,H2 oxidation
Electryoneia,Bacteria,21,0,0,0,0,0,0,0,0,0,H2 oxidation
UBA4820,Bacteria,32,0,0,0,0,0,0,0,0,1,H2 oxidation
Desulfovibrionia,Bacteria,702,3,0,18,0,0,0,0,64,1,H2 oxidation
Coriobacteriia,Bacteria,3976,7,0,17,0,0,0,0,49,0,H2 oxidation
Synergistia,Bacteria,306,0,0,1,0,0,0,0,32,0,H2 oxidation
DAOPZR01,Bacteria,1,0,0,0,0,0,0,0,0,0,H2 oxidation
JAFGOL01,Bacteria,12,0,0,0,0,0,0,0,0,0,H2 oxidation
Bacilli,Bacteria,10436,4,0,0,0,0,0,0,6,33,H2 oxidation
UBA4092,Bacteria,3,0,0,0,0,0,0,0,0,0,H2 oxidation
Desulfuromonadia,Bacteria,528,0,0,0,0,0,0,0,27,1,H2 oxidation
Thermincolia,Bacteria,11,0,0,5,0,0,0,0,3,0,H2 oxidation
Vulcanimicrobiia,Bacteria,294,20,0,0,0,0,0,0,5,0,H2 oxidation
Palsa-1180,Bacteria,25,0,0,1,0,0,0,0,0,0,H2 oxidation
Zhuqueibacteria,Bacteria,162,4,0,2,0,0,0,0,1,0,H2 oxidation
Aquificia,Bacteria,192,0,58,0,0,0,0,0,0,0,H2 oxidation
MHYJ01,Bacteria,53,0,0,0,0,0,0,0,1,1,H2 oxidation
UBA9160,Bacteria,264,0,0,1,0,0,0,8,10,0,H2 oxidation
Desulfitobacteriia,Bacteria,109,0,0,31,0,0,0,0,26,0,H2 oxidation
Syntrophobacteria,Bacteria,117,0,0,69,0,0,0,0,35,3,H2 oxidation
SLNR01,Bacteria,5,0,0,0,0,0,0,0,0,0,H2 oxidation
Desulfobulbia,Bacteria,466,3,0,260,0,0,0,0,98,0,H2 oxidation
Thermodesulfovibrionia,Bacteria,444,2,0,72,0,0,0,0,1,2,H2 oxidation
UBA8477,Bacteria,39,0,0,0,0,0,0,0,0,0,H2 oxidation
Marinisomatia,Bacteria,362,2,0,0,0,0,0,0,0,0,H2 oxidation
Fermentibacteria,Bacteria,71,0,0,0,0,0,0,0,17,0,H2 oxidation
Deferrisomatia,Bacteria,21,0,0,11,0,0,0,0,7,0,H2 oxidation
B62-G9,Bacteria,26,0,0,16,0,0,0,0,16,7,H2 oxidation
SPIREOTU_01108583,Bacteria,2,0,0,0,0,0,0,0,0,0,H2 oxidation
BCRBG_10197,Bacteria,1,0,0,0,0,0,0,0,0,0,H2 oxidation
Methanomethylicia,Archaea,58,0,0,5,0,0,0,0,0,6,H2 oxidation
Chloroflexia,Bacteria,434,36,3,0,48,0,0,53,41,0,H2 oxidation
4572-55,Bacteria,5,0,0,0,0,0,0,0,0,0,H2 oxidation
JAAYUB01,Bacteria,13,0,0,0,0,0,0,0,2,0,H2 oxidation
Methanobacteria,Archaea,338,0,0,2,0,0,0,0,0,2,H2 oxidation
Aerophobia,Bacteria,36,0,0,14,0,0,0,0,12,19,H2 oxidation
Thermococci,Archaea,141,0,0,0,0,0,0,0,0,88,H2 oxidation
Blastocatellia,Bacteria,1013,3,0,0,0,0,0,0,5,0,H2 oxidation
Glassbacteria,Bacteria,15,0,0,0,0,0,0,0,12,0,H2 oxidation
UBA9217,Bacteria,54,0,0,21,0,0,0,0,20,0,H2 oxidation
JANLFM01,Bacteria,12,0,0,0,0,0,0,0,0,0,H2 oxidation
BCRBG_12737,Bacteria,2,0,0,0,0,0,0,0,0,0,H2 oxidation
Halobacteria,Archaea,694,0,0,0,0,0,0,0,1,0,H2 oxidation
DAOVCL01,Bacteria,4,0,0,0,0,0,0,0,0,0,H2 oxidation
UBA9942,Bacteria,9,0,0,0,0,0,0,0,0,0,H2 oxidation
UBA8481,Bacteria,6,0,0,0,0,0,0,0,0,0,H2 oxidation
Uabimicrobiia,Bacteria,9,0,0,0,0,0,0,0,0,0,H2 oxidation
JAAXVQ01,Bacteria,15,0,0,0,0,0,0,0,0,0,H2 oxidation
CG2-30-53-67,Bacteria,14,0,0,7,0,0,0,0,0,0,H2 oxidation
Syntrophorhabdia,Bacteria,103,0,0,6,0,0,0,0,0,0,H2 oxidation
JAUVQV01,Bacteria,6,0,0,4,0,0,0,0,1,0,H2 oxidation
Dissulfuribacteria,Bacteria,80,4,0,42,0,0,0,0,0,0,H2 oxidation
SZUA-182,Bacteria,14,0,0,7,0,0,0,0,2,0,H2 oxidation
Hadarchaeia,Archaea,68,0,0,2,0,0,0,0,0,4,H2 oxidation
Polarisedimenticolia,Bacteria,150,0,0,0,0,0,0,0,3,0,H2 oxidation
Deinococci,Bacteria,355,1,0,0,0,0,0,0,8,1,H2 oxidation
UBA148,Archaea,10,0,0,2,0,0,0,0,0,2,H2 oxidation
UBA4738,Bacteria,189,0,0,0,0,0,0,3,8,0,H2 oxidation
JAHITG01,Bacteria,6,0,0,0,0,0,0,0,0,0,H2 oxidation
Omnitrophia,Bacteria,111,0,0,0,0,0,0,0,0,0,H2 oxidation
JS1,Bacteria,53,0,0,0,0,0,0,0,17,1,H2 oxidation
Blakebacteria,Bacteria,10,0,0,0,0,0,0,0,2,0,H2 oxidation
PGYV01,Bacteria,25,0,0,0,0,0,0,0,0,0,H2 oxidation
UBA10199,Bacteria,116,0,0,0,0,0,0,0,0,0,H2 oxidation
Zipacnadia,Bacteria,75,0,0,0,0,0,0,0,2,0,H2 oxidation
DSWW01,Bacteria,16,0,0,8,0,0,0,0,8,5,H2 oxidation
Chthonomonadetes,Bacteria,65,0,0,0,0,0,0,0,6,0,H2 oxidation
DTPJ01,Bacteria,10,0,0,0,0,0,0,0,0,6,H2 oxidation
SPIREOTU_00867198,Bacteria,3,0,0,0,0,0,0,0,0,0,H2 oxidation
Rhodothermia,Bacteria,624,0,0,0,0,0,0,0,3,0,H2 oxidation
HRBIN16,Bacteria,19,0,0,1,0,0,0,0,0,0,H2 oxidation
Kryptoniia,Bacteria,29,0,0,0,0,0,0,0,0,0,H2 oxidation
Sysuimicrobiia,Bacteria,106,0,0,0,0,0,0,0,0,0,H2 oxidation
Lernaellaia,Bacteria,19,0,0,0,0,0,0,0,0,0,H2 oxidation
T1Sed10-126,Bacteria,9,0,0,0,0,0,0,0,0,0,H2 oxidation
Dormibacteria,Bacteria,285,18,0,0,0,0,0,0,5,0,H2 oxidation
B130-G9,Bacteria,8,0,0,0,0,0,0,0,0,0,H2 oxidation
Endomicrobiia,Bacteria,128,0,0,5,0,0,0,0,3,14,H2 oxidation
SPIREOTU_01112900,Bacteria,5,0,0,3,0,0,0,0,1,0,H2 oxidation
SPIREOTU_00094589,Archaea,8,0,0,4,0,0,0,0,0,1,H2 oxidation
Dethiobacteria,Bacteria,141,0,0,7,0,0,0,0,5,0,H2 oxidation
HRBIN17,Bacteria,23,0,0,0,0,0,0,0,0,0,H2 oxidation
Caldisericia,Bacteria,94,0,0,0,0,0,0,0,0,0,H2 oxidation
Deferribacteres,Bacteria,71,0,0,0,0,0,0,0,1,0,H2 oxidation
CALINM01,Bacteria,10,0,0,8,0,0,0,0,0,0,H2 oxidation
Dictyoglomia,Bacteria,12,0,0,0,0,0,0,0,9,0,H2 oxidation
BCRBG_28491,Archaea,2,0,0,0,0,0,0,0,0,1,H2 oxidation
Deferrimicrobia,Bacteria,82,0,0,0,0,0,0,0,0,0,H2 oxidation
JAYEMH01,Bacteria,3,0,0,0,0,0,0,0,0,0,H2 oxidation
MSB-5A5,Bacteria,332,0,0,0,0,0,0,0,1,0,H2 oxidation
UBA8108,Bacteria,58,0,0,0,0,0,0,0,2,0,H2 oxidation
CG2-30-70-394,Bacteria,8,0,0,0,0,0,0,0,1,0,H2 oxidation
Chlorobiia,Bacteria,168,0,112,0,0,0,0,0,0,0,H2 oxidation
UBA1144,Bacteria,132,0,0,0,0,0,0,0,0,0,H2 oxidation
JASEFT01,Archaea,7,0,0,1,0,0,0,0,1,5,H2 oxidation
BCRBG_32896,Bacteria,4,0,0,0,0,0,0,0,1,0,H2 oxidation
DSM-4660,Bacteria,243,0,0,44,0,0,0,0,26,2,H2 oxidation
PUPC01,Bacteria,32,0,0,8,0,0,0,0,6,11,H2 oxidation
Bog-38,Archaea,15,0,0,0,0,0,0,0,0,2,H2 oxidation
Nitrososphaeria,Archaea,843,0,0,7,0,1,0,0,0,13,H2 oxidation
DUMJ01,Bacteria,12,0,0,0,0,0,0,0,2,0,H2 oxidation
BCRBG_35300,Bacteria,1,0,0,0,0,0,0,0,0,0,H2 oxidation
JAJVIF01,Bacteria,17,0,0,0,0,0,0,0,0,0,H2 oxidation
Iainarchaeia,Archaea,180,0,0,0,0,0,0,0,0,0,H2 oxidation
Arandabacteria,Bacteria,23,0,0,0,0,0,0,0,0,0,H2 oxidation
Bacteriovoracia,Bacteria,374,0,0,0,0,0,0,0,3,0,H2 oxidation
Dehalobacteriia,Bacteria,85,0,0,1,0,0,0,0,8,0,H2 oxidation
BCRBG_43749,Archaea,2,0,0,0,0,0,0,0,0,2,H2 oxidation
Methanonatronarchaeia,Archaea,6,0,0,0,0,0,0,0,0,5,H2 oxidation
Brocadiia,Bacteria,129,1,0,16,0,0,0,0,8,20,H2 oxidation
BCRBG_44534,Bacteria,1,0,0,1,0,0,0,0,0,0,H2 oxidation
UBA6098,Bacteria,30,0,0,0,0,0,0,0,0,0,H2 oxidation
MOTU40_062405,Bacteria,4,0,0,1,0,0,0,0,2,0,H2 oxidation
WOR-1,Bacteria,81,0,0,0,0,0,0,0,30,0,H2 oxidation
Syntrophomonadia,Bacteria,122,0,0,0,0,0,0,0,10,0,H2 oxidation
UBA2968,Bacteria,132,0,0,2,0,0,0,0,2,0,H2 oxidation
Zetaproteobacteria,Bacteria,146,42,0,0,0,0,0,0,0,0,H2 oxidation
UBA7883,Bacteria,36,0,0,0,0,0,0,0,0,0,H2 oxidation
Latescibacteria,Bacteria,19,0,0,4,0,0,0,0,5,0,H2 oxidation
EX4484-6,Archaea,26,6,0,0,0,0,0,0,1,17,H2 oxidation
JAANXI01,Bacteria,8,0,0,0,0,0,0,0,0,0,H2 oxidation
BCRBG_51943,Bacteria,1,0,0,0,0,0,0,0,0,1,H2 oxidation
Thermotogae,Bacteria,158,0,0,0,0,0,0,0,0,2,H2 oxidation
Bdellovibrionia,Bacteria,451,0,0,0,0,0,0,0,2,0,H2 oxidation
BCRBG_52140,Bacteria,1,0,0,0,0,0,0,0,0,0,H2 oxidation
XYA12-FULL-58-9,Bacteria,36,0,0,0,0,0,0,1,0,0,H2 oxidation
Micrarchaeia,Archaea,431,0,0,0,0,0,0,0,0,3,H2 oxidation
BCRBG_52268,Bacteria,3,0,0,0,0,0,0,0,0,0,H2 oxidation
WTBG01,Bacteria,54,0,0,16,0,0,0,0,0,0,H2 oxidation
BCRBG_52289,Bacteria,1,0,0,0,0,0,0,0,1,0,H2 oxidation
RBG-13-66-14,Bacteria,11,0,0,0,0,0,0,0,0,0,H2 oxidation
AABM5-125-24,Bacteria,19,0,0,0,0,0,0,0,0,0,H2 oxidation
Vampirovibrionia,Bacteria,1135,0,0,0,0,0,0,0,1,0,H2 oxidation
Thermoprotei,Archaea,116,0,0,1,0,0,0,0,0,18,H2 oxidation
UBA1177,Bacteria,54,0,0,0,0,0,0,0,0,0,H2 oxidation
Cloacimonadia,Bacteria,239,0,0,0,0,0,0,0,2,0,H2 oxidation
Methanosarcinia,Archaea,329,0,0,4,0,0,0,0,0,4,H2 oxidation
PLA2,Bacteria,34,0,0,0,0,0,0,0,1,7,H2 oxidation
4484-113,Bacteria,26,0,0,0,0,0,0,0,0,0,H2 oxidation
Holophagae,Bacteria,164,0,0,2,0,0,0,0,19,0,H2 oxidation
DG-26_A,Bacteria,4,0,0,0,0,0,0,0,0,0,H2 oxidation
Archaeoglobi,Archaea,99,0,0,7,0,0,0,0,0,9,H2 oxidation
Hydrothermia,Bacteria,78,0,0,0,0,0,0,0,0,0,H2 oxidation
UBA10988,Bacteria,7,0,0,0,0,0,0,0,3,1,H2 oxidation
Xenobia,Bacteria,55,0,0,0,0,0,0,0,3,0,H2 oxidation
T3Sed10-11,Bacteria,8,0,0,0,0,0,0,0,0,0,H2 oxidation
Jordiarchaeia,Archaea,12,0,0,8,0,0,0,0,0,7,H2 oxidation
SM23-31,Bacteria,9,0,0,1,0,0,0,0,0,0,H2 oxidation
SpSt-956,Bacteria,5,0,0,0,0,0,0,0,0,0,H2 oxidation
JAJTBE01,Bacteria,4,0,0,0,0,0,0,0,0,0,H2 oxidation
UBA11346,Bacteria,40,0,0,0,0,0,0,0,1,0,H2 oxidation
SLMV01,Bacteria,11,0,0,0,0,0,0,0,1,0,H2 oxidation
BCRBG_65140,Bacteria,1,0,0,0,0,0,0,0,0,0,H2 oxidation
UBA6262,Bacteria,8,0,0,0,0,0,0,0,0,0,H2 oxidation
UBA9980,Bacteria,10,0,0,0,0,0,0,0,0,0,H2 oxidation
Ktedonobacteria,Bacteria,139,20,0,0,0,0,0,4,0,6,H2 oxidation
B143-G9,Bacteria,2,0,0,0,0,0,0,0,0,0,H2 oxidation
B64-G9,Bacteria,22,0,0,1,0,0,0,0,1,0,H2 oxidation
Nitriliruptoria,Bacteria,142,11,0,0,0,0,0,11,16,0,H2 oxidation
UBA1018,Bacteria,142,0,0,0,0,0,0,0,4,0,H2 oxidation
GCA-003054495,Bacteria,4,0,0,2,0,0,0,0,1,0,H2 oxidation
AB16,Bacteria,30,0,0,0,0,0,0,0,5,0,H2 oxidation
Fusobacteriia,Bacteria,226,0,0,0,0,0,0,0,5,0,H2 oxidation
MVCY01,Bacteria,9,0,0,1,0,0,0,0,2,0,H2 oxidation
GBS-1,Bacteria,5,0,0,0,0,0,0,0,0,0,H2 oxidation
DTU086,Bacteria,5,0,0,0,0,0,0,0,1,0,H2 oxidation
Altiarchaeia,Archaea,53,0,0,0,0,0,0,0,0,7,H2 oxidation
Riflemargulisbacteria,Bacteria,13,0,0,0,0,0,0,0,0,0,H2 oxidation
RBG-13-43-22,Bacteria,13,0,0,7,0,0,0,0,5,0,H2 oxidation
RBG-13-61-14,Bacteria,21,0,0,7,0,0,0,0,3,0,H2 oxidation
UBA8919,Bacteria,12,0,0,8,0,0,0,0,1,10,H2 oxidation
UBA1551,Bacteria,3,0,0,3,0,0,0,0,1,3,H2 oxidation
Nitrospiria,Bacteria,560,0,3,0,0,0,0,0,3,0,H2 oxidation
AC1,Bacteria,21,0,0,0,0,0,0,0,0,0,H2 oxidation
UBA6266,Bacteria,5,0,0,0,0,0,0,0,0,0,H2 oxidation
Aquicultoria,Bacteria,29,0,0,7,0,0,0,0,4,0,H2 oxidation
JdFR-76,Bacteria,17,0,0,0,0,0,0,0,0,0,H2 oxidation
HRBIN11,Bacteria,13,6,0,0,0,0,0,0,0,0,H2 oxidation
Syntropharchaeia,Archaea,67,0,0,18,0,0,0,0,0,19,H2 oxidation
Nitrospinia,Bacteria,96,0,0,0,0,0,0,0,4,0,H2 oxidation
UBA4882,Bacteria,59,0,0,0,0,0,0,0,21,7,H2 oxidation
SLGR01,Bacteria,9,0,0,0,0,0,0,0,0,0,H2 oxidation
Minisyncoccia,Bacteria,3964,0,0,0,0,0,0,0,0,0,H2 oxidation
SURF-8,Bacteria,10,0,0,3,0,0,0,0,3,0,H2 oxidation
B3-LCP,Bacteria,11,0,0,1,0,0,0,0,0,0,H2 oxidation
Auribacteria,Bacteria,6,0,0,0,0,0,0,0,0,0,H2 oxidation
UBA3575,Bacteria,2,0,0,1,0,0,0,0,1,0,H2 oxidation
E44-bin39,Bacteria,1,0,0,1,0,0,0,0,0,1,H2 oxidation
Thorarchaeia,Archaea,85,0,0,0,0,0,0,0,0,1,H2 oxidation
Rubrobacteria,Bacteria,83,2,0,0,0,0,0,0,4,0,H2 oxidation
UBA6077,Bacteria,37,1,0,0,0,0,0,0,3,0,H2 oxidation
Mcinerneyibacteria,Bacteria,11,0,0,0,0,0,0,0,0,0,H2 oxidation
Anaeroferrophillalia,Bacteria,24,0,0,5,0,0,0,0,0,0,H2 oxidation
GWC2-55-46,Bacteria,91,0,0,0,0,0,0,0,1,0,H2 oxidation
DULZ01,Bacteria,4,0,0,1,0,0,0,0,1,0,H2 oxidation
Tritonobacteria,Bacteria,13,0,0,3,0,0,0,0,0,0,H2 oxidation
Limnochordia,Bacteria,99,2,0,0,0,0,0,0,0,0,H2 oxidation
Fermentithermobacillia,Bacteria,34,0,0,0,0,0,0,0,1,0,H2 oxidation
4484-107,Bacteria,7,0,0,2,0,0,0,0,0,1,H2 oxidation
CAIJMQ01,Bacteria,14,0,0,3,0,0,0,0,1,6,H2 oxidation
JABWAT01,Bacteria,7,0,0,0,0,0,0,0,4,0,H2 oxidation
SM23-61,Bacteria,26,0,0,4,0,0,0,0,5,0,H2 oxidation
CADDZG01,Bacteria,90,18,0,0,0,0,0,4,3,0,H2 oxidation
Fimbriimonadia,Bacteria,272,0,0,0,0,0,0,0,0,0,H2 oxidation
Dojkabacteria,Bacteria,200,0,0,0,0,0,0,0,0,0,H2 oxidation
Magnetococcia,Bacteria,42,0,0,0,0,0,0,0,0,0,H2 oxidation
Thermoprotei_A,Archaea,311,0,0,0,0,0,0,0,0,4,H2 oxidation
Heimdallarchaeia,Archaea,79,0,0,0,0,0,0,0,1,2,H2 oxidation
CAIWXX01,Bacteria,3,0,0,0,0,0,0,0,1,0,H2 oxidation
JACQYL01,Bacteria,5,0,0,3,0,0,0,0,1,0,H2 oxidation
AC-67,Bacteria,15,0,0,0,0,0,0,0,0,0,H2 oxidation
UBA8473,Bacteria,11,0,0,2,0,0,0,0,0,0,H2 oxidation
FW602-bin22,Bacteria,26,0,0,3,0,0,0,0,2,0,H2 oxidation
JACRGO01,Bacteria,2,0,0,0,0,0,0,0,0,0,H2 oxidation
B15-G4,Bacteria,44,0,0,0,0,0,0,0,1,0,H2 oxidation
Brachyspiria,Bacteria,49,0,0,0,0,0,0,0,0,0,H2 oxidation
SURF-5,Bacteria,9,0,0,1,0,0,0,0,1,0,H2 oxidation
Sifarchaeia,Archaea,3,0,0,1,0,0,0,0,0,1,H2 oxidation
WGA-4E,Bacteria,245,0,0,3,0,0,0,0,1,3,H2 oxidation
Orphanbacteria,Bacteria,8,0,0,0,0,0,0,0,0,0,H2 oxidation
UBA12135,Bacteria,7,0,0,0,0,0,0,0,0,0,H2 oxidation
HKB111,Bacteria,4,0,0,3,0,0,0,0,0,0,H2 oxidation
JAHJIN01,Bacteria,3,0,0,2,0,0,0,0,2,0,H2 oxidation
Atabeyarchaeia,Archaea,4,0,0,3,0,0,0,0,0,4,H2 oxidation
Armatimonadia,Bacteria,82,0,0,0,0,0,0,0,3,0,H2 oxidation
DTGP01,Bacteria,10,0,0,0,0,0,0,0,1,0,H2 oxidation
Desulfotomaculia,Bacteria,146,2,0,7,0,0,0,0,0,0,H2 oxidation
DYNZ01,Bacteria,1,0,0,0,0,0,0,0,0,0,H2 oxidation
DYFQ01,Bacteria,1,0,0,1,0,0,0,0,1,0,H2 oxidation
B1Sed10-29,Archaea,31,0,0,0,0,0,0,0,0,2,H2 oxidation
Nitrososphaeria_A,Archaea,77,0,0,5,0,0,0,0,0,6,H2 oxidation
JAGHAJ01,Bacteria,2,0,0,0,0,0,0,0,0,0,H2 oxidation
JAJPGV01,Bacteria,4,0,0,0,0,0,0,0,0,0,H2 oxidation
JAJSAM01,Bacteria,16,0,0,0,0,0,0,0,2,5,H2 oxidation
UBA6191,Bacteria,17,0,0,0,0,0,0,0,0,0,H2 oxidation
Leptospirillia,Bacteria,20,0,0,0,0,0,0,0,4,0,H2 oxidation
JAJZIM01,Bacteria,2,0,0,0,0,0,0,0,0,0,H2 oxidation
GWE2-31-10,Bacteria,27,0,0,1,0,0,0,0,0,0,H2 oxidation
EX4484-52,Archaea,27,0,0,0,0,0,0,0,0,1,H2 oxidation
JAFGBW01,Bacteria,5,0,0,0,0,0,0,0,0,0,H2 oxidation
9FT-COMBO-42-15,Bacteria,16,0,0,2,0,0,0,0,1,0,H2 oxidation
JAIMBG01,Bacteria,2,0,0,2,0,0,0,0,1,0,H2 oxidation
JAJRZV01,Bacteria,1,0,0,0,0,0,0,0,0,0,H2 oxidation
JAJRTK01,Bacteria,1,0,0,0,0,0,0,0,0,0,H2 oxidation
Moorellia,Bacteria,25,0,0,1,0,0,0,0,0,0,H2 oxidation
Brevinematia,Bacteria,29,0,0,0,0,0,0,0,0,0,H2 oxidation
ARS69,Bacteria,9,0,0,0,0,0,0,0,0,0,H2 oxidation
Methylomirabilia,Bacteria,277,1,0,2,0,0,0,0,4,0,H2 oxidation
UBA3054,Bacteria,27,0,0,0,0,0,0,0,0,0,H2 oxidation
S145-22,Bacteria,14,0,0,1,0,0,0,0,1,0,H2 oxidation
Njordarchaeia,Archaea,7,0,0,0,0,0,0,0,0,1,H2 oxidation
JAJYCY01,Bacteria,9,0,0,0,0,0,0,0,0,0,H2 oxidation
JAOZGF01,Archaea,2,0,0,1,0,0,0,0,0,1,H2 oxidation
UBA5177,Bacteria,26,1,0,0,0,0,0,0,1,0,H2 oxidation
JAQTZZ01,Bacteria,3,0,0,0,0,0,0,0,0,0,H2 oxidation
UBA3073,Bacteria,24,0,0,0,0,0,0,0,1,0,H2 oxidation
UBA890,Bacteria,25,0,0,0,0,0,0,0,0,0,H2 oxidation
JAGOBX01,Bacteria,5,0,0,0,0,0,0,0,0,0,H2 oxidation
JASEGY01,Bacteria,3,0,0,1,0,0,0,0,0,0,H2 oxidation
CALGFH01,Bacteria,36,1,0,0,0,0,0,0,4,0,H2 oxidation
JAOADG01,Bacteria,4,0,0,0,0,0,0,0,0,0,H2 oxidation
JAUVJM01,Bacteria,6,0,0,0,0,0,0,0,1,4,H2 oxidation
NPL-UPA2,Bacteria,6,0,0,0,0,0,0,0,1,0,H2 oxidation
UBA7526,Bacteria,4,0,0,0,0,0,0,0,0,0,H2 oxidation
JAUXIB01,Bacteria,1,0,0,0,0,0,0,0,0,0,H2 oxidation
DAOVTB01,Bacteria,1,0,0,0,0,0,0,0,0,0,H2 oxidation
JAGLSM01,Bacteria,6,0,0,0,0,0,0,0,0,0,H2 oxidation
UBA5829,Bacteria,66,0,0,0,0,0,0,0,1,0,H2 oxidation
UBA727,Bacteria,60,0,0,0,0,0,0,0,0,0,H2 oxidation
B3-B38,Bacteria,19,0,0,0,0,0,0,0,0,0,H2 oxidation
Symbiobacteriia,Bacteria,22,0,0,0,0,0,0,0,1,0,H2 oxidation
Thermaerobacteria,Bacteria,8,0,0,0,0,0,0,0,0,0,H2 oxidation
DG-23,Bacteria,14,0,0,0,0,0,0,0,2,6,H2 oxidation
JAICYB01,Bacteria,13,1,0,0,0,0,0,0,0,0,H2 oxidation
JBBTDB01,Bacteria,1,0,0,0,0,0,0,0,1,0,H2 oxidation
Saccharimonadia,Bacteria,3696,0,0,0,0,0,0,0,0,0,H2 oxidation
Oligoflexia,Bacteria,180,0,0,0,0,0,0,0,0,0,H2 oxidation
UBA5214,Bacteria,5,0,0,0,0,0,0,0,0,1,H2 oxidation
Sulfobacillia,Bacteria,39,3,0,0,0,0,0,0,0,0,H2 oxidation
DRYD01,Bacteria,10,0,0,0,0,0,0,0,0,0,H2 oxidation
CALLYA01,Bacteria,2,0,0,0,0,0,0,0,2,0,H2 oxidation
Chrysiogenetes,Bacteria,3,0,0,0,0,0,0,0,0,0,H2 oxidation
Thermosulfidibacteria,Bacteria,18,0,0,0,0,0,0,0,0,0,H2 oxidation
Entotheonellia,Bacteria,34,0,0,0,0,0,0,0,1,0,H2 oxidation
JAGLHV01,Bacteria,5,0,0,0,0,0,0,0,0,0,H2 oxidation
B47-G6,Archaea,2,0,0,0,0,0,0,0,0,1,H2 oxidation
OXYB2-FULL-49-7,Bacteria,4,0,0,0,0,0,0,0,0,0,H2 oxidation
DAOVMN01,Archaea,6,0,0,0,0,0,0,0,0,1,H2 oxidation
SPIREOTU_01106000,Bacteria,3,0,0,0,0,0,0,0,0,1,H2 oxidation
SPIREOTU_01112964,Bacteria,8,0,0,0,0,0,0,0,0,0,H2 oxidation
Moduliflexia,Bacteria,16,1,0,1,0,0,0,0,1,1,H2 oxidation
MOTU40_062368,Bacteria,1,0,1,0,0,0,0,0,0,0,H2 oxidation
MOTU40_065870,Bacteria,1,0,0,1,0,0,0,0,0,0,H2 oxidation
Poseidoniia,Archaea,587,1,0,0,0,0,0,0,0,1,H2 oxidation
DASRZA01,Bacteria,3,0,0,0,0,0,0,0,1,0,H2 oxidation
CAJXCL01,Bacteria,6,0,0,0,0,0,0,0,0,0,H2 oxidation
SPIREOTU_00098978,Bacteria,2,0,0,0,0,0,0,0,0,1,H2 oxidation
JALVIU01,Bacteria,2,0,0,0,0,0,0,0,1,0,H2 oxidation
DYJV01,Bacteria,9,0,0,1,0,0,0,0,0,0,H2 oxidation
SPIREOTU_00670795,Bacteria,1,0,0,0,0,0,0,0,0,0,H2 oxidation
BSN033,Bacteria,72,0,0,1,0,0,0,0,0,0,H2 oxidation
MWCZ01,Bacteria,8,0,0,0,0,0,0,0,0,0,H2 oxidation
DATKYB01,Bacteria,3,0,0,0,0,0,0,0,0,0,H2 oxidation
SPIREOTU_00872571,Bacteria,1,0,0,1,0,0,0,0,0,1,H2 oxidation
Joyebacteria,Bacteria,31,0,0,0,0,0,0,0,0,0,H2 oxidation
JAFGKV01,Bacteria,4,0,0,0,0,0,0,0,0,0,H2 oxidation
SPECIV4_29685,Bacteria,6,0,0,1,0,0,0,0,1,0,H2 oxidation
CAKKQC01,Bacteria,7,0,0,1,0,0,0,0,0,0,H2 oxidation
B129-G9,Bacteria,7,0,0,0,0,0,0,0,0,0,H2 oxidation
SPIREOTU_02035840,Bacteria,5,0,0,1,0,0,0,0,2,0,H2 oxidation
CADAWZ01,Bacteria,13,0,0,0,0,0,0,0,1,0,H2 oxidation
JACPDS01,Bacteria,1,0,0,0,0,0,0,0,0,0,H2 oxidation
UBA4733,Bacteria,4,0,0,0,0,0,0,0,0,0,H2 oxidation
UBA2235,Bacteria,25,0,0,0,0,0,0,0,0,0,H2 oxidation
J058,Bacteria,23,0,0,0,0,0,0,0,0,0,H2 oxidation
BCRBG_09123,Bacteria,4,0,0,0,0,0,0,0,0,0,H2 oxidation
SPIREOTU_01841588,Bacteria,3,0,0,0,0,0,0,0,0,0,H2 oxidation
JBAZXJ01,Bacteria,1,0,0,0,0,0,0,0,0,0,H2 oxidation
Erginobacteria,Bacteria,19,0,0,0,0,0,0,0,0,0,H2 oxidation
SPIREOTU_01842094,Bacteria,1,0,0,0,0,0,0,0,1,1,H2 oxidation
UBA6919,Bacteria,4,0,0,0,0,0,0,0,0,0,H2 oxidation
Abditibacteriia,Bacteria,36,0,0,0,0,0,0,0,0,0,H2 oxidation
Verrucomicrobiia,Bacteria,4414,13,0,3,0,0,0,0,149,1,sulfide oxidation
Terriglobia,Bacteria,2679,2,0,8,0,0,0,0,25,4,sulfide oxidation
Gammaproteobacteria,Bacteria,28702,3741,9,1,0,0,0,616,1345,648,sulfide oxidation
Anaerolineae,Bacteria,2860,90,0,265,0,0,0,1,576,46,sulfide oxidation
Alphaproteobacteria,Bacteria,21830,1223,0,0,0,0,0,1037,3058,21,sulfide oxidation
Dehalococcoidia,Bacteria,2107,3,0,26,0,0,0,0,41,2,sulfide oxidation
Chloroflexia,Bacteria,434,32,2,0,38,0,0,44,40,1,sulfide oxidation
Limnocylindria,Bacteria,527,17,0,6,0,0,0,1,26,0,sulfide oxidation
UBA6777,Bacteria,8,0,0,0,0,0,0,0,5,0,sulfide oxidation
Acidimicrobiia,Bacteria,3148,79,0,4,0,0,0,164,320,2,sulfide oxidation
Actinomycetes,Bacteria,13479,331,0,0,0,0,0,212,752,321,sulfide oxidation
Polyangia,Bacteria,1189,5,0,3,0,0,0,22,87,0,sulfide oxidation
Leptospiria,Bacteria,203,4,0,0,0,0,0,0,7,0,sulfide oxidation
JABWAT01,Bacteria,7,0,0,0,0,0,0,0,4,0,sulfide oxidation
UBA796,Bacteria,235,0,0,4,0,0,0,0,1,0,sulfide oxidation
Myxococcia,Bacteria,382,4,0,0,0,0,0,0,82,0,sulfide oxidation
CAIWAD01,Bacteria,16,0,0,0,0,0,0,0,0,0,sulfide oxidation
Nitrospiria,Bacteria,560,1,137,3,0,0,0,0,133,0,sulfide oxidation
Planctomycetia,Bacteria,2293,0,0,0,0,0,0,0,129,0,sulfide oxidation
Bacteroidia,Bacteria,26963,18,6,11,0,0,0,1,2278,62,sulfide oxidation
WYAZ01,Bacteria,37,3,0,0,0,0,0,6,15,0,sulfide oxidation
Phycisphaerae,Bacteria,2031,0,0,3,0,0,0,0,4,1,sulfide oxidation
Krumholzibacteriia,Bacteria,216,0,0,0,0,0,0,0,0,0,sulfide oxidation
Gemmatimonadetes,Bacteria,2069,25,0,2,1,0,0,48,50,0,sulfide oxidation
UBA9042,Bacteria,130,0,0,0,0,0,0,2,0,0,sulfide oxidation
Vicinamibacteria,Bacteria,851,0,0,0,0,0,0,0,13,0,sulfide oxidation
Vampirovibrionia,Bacteria,1135,0,0,0,0,0,0,0,0,0,sulfide oxidation
SZUA-365,Bacteria,28,0,0,0,0,0,0,0,0,0,sulfide oxidation
Campylobacteria,Bacteria,2208,1,640,0,0,0,0,0,0,8,sulfide oxidation
Ignavibacteria,Bacteria,600,0,0,0,0,0,0,0,1,0,sulfide oxidation
Thermoleophilia,Bacteria,1735,44,0,39,0,0,0,78,112,56,sulfide oxidation
J088,Bacteria,5,0,0,0,0,0,0,0,0,0,sulfide oxidation
AABM5-125-24,Bacteria,19,0,0,0,0,0,0,0,0,0,sulfide oxidation
B64-G9,Bacteria,22,0,0,1,0,0,0,0,1,0,sulfide oxidation
UBA10030,Bacteria,301,0,0,1,0,0,0,0,4,0,sulfide oxidation
Blastocatellia,Bacteria,1013,3,0,0,0,0,0,0,7,0,sulfide oxidation
Cyanobacteriia,Bacteria,2303,662,0,0,0,0,0,0,5,4,sulfide oxidation
Desulfobaccia,Bacteria,81,0,0,38,0,0,0,0,1,58,sulfide oxidation
Calditrichia,Bacteria,113,9,0,0,0,0,0,0,7,0,sulfide oxidation
RBG-16-71-46,Bacteria,205,0,0,0,0,0,0,0,1,0,sulfide oxidation
Desulfobacteria,Bacteria,844,0,0,155,0,0,0,0,121,32,sulfide oxidation
Rhodothermia,Bacteria,624,4,0,0,0,0,0,0,55,0,sulfide oxidation
Nitrososphaeria,Archaea,843,0,0,18,0,216,0,0,0,29,sulfide oxidation
Omnitrophia,Bacteria,111,0,0,0,0,0,0,0,0,0,sulfide oxidation
Kapaibacteriia,Bacteria,357,0,0,0,0,0,0,0,1,0,sulfide oxidation
UBA4802,Bacteria,120,0,0,6,0,0,0,0,2,0,sulfide oxidation
Deinococci,Bacteria,355,30,0,0,0,0,0,0,46,4,sulfide oxidation
Aminicenantia,Bacteria,422,0,0,9,0,0,0,0,23,0,sulfide oxidation
Asgardarchaeia,Archaea,2,0,0,0,0,0,0,0,0,0,sulfide oxidation
UBA2242,Bacteria,48,0,0,0,0,0,0,0,4,0,sulfide oxidation
Nitriliruptoria,Bacteria,142,5,0,0,0,0,0,19,17,0,sulfide oxidation
UBA4882,Bacteria,59,0,0,0,0,0,0,0,2,0,sulfide oxidation
Bradymonadia,Bacteria,210,1,0,0,0,0,0,0,1,1,sulfide oxidation
Bathyarchaeia,Archaea,700,0,0,18,0,0,0,0,3,36,sulfide oxidation
Spirochaetia,Bacteria,1551,0,0,7,0,0,0,0,14,5,sulfide oxidation
Zhuqueibacteria,Bacteria,162,5,0,6,0,0,0,0,3,0,sulfide oxidation
Desulfovibrionia,Bacteria,702,12,0,9,0,0,0,0,56,1,sulfide oxidation
Bacilli,Bacteria,10436,9,0,0,0,0,0,0,7,139,sulfide oxidation
CLD3,Bacteria,25,0,0,0,0,0,0,0,0,0,sulfide oxidation
UBA9160,Bacteria,264,3,0,0,0,0,0,3,9,0,sulfide oxidation
MHYJ01,Bacteria,53,0,0,0,0,0,0,0,2,14,sulfide oxidation
Binatia,Bacteria,484,5,0,0,0,0,0,0,39,2,sulfide oxidation
Desulfotomaculia,Bacteria,146,0,0,11,0,0,0,0,1,0,sulfide oxidation
Desulfobulbia,Bacteria,466,2,0,161,0,0,0,0,80,0,sulfide oxidation
Aquificia,Bacteria,192,0,66,0,0,0,0,0,0,0,sulfide oxidation
Thermodesulfovibrionia,Bacteria,444,0,0,172,0,0,0,0,1,18,sulfide oxidation
Zetaproteobacteria,Bacteria,146,84,0,0,0,0,0,0,0,1,sulfide oxidation
Marinisomatia,Bacteria,362,1,0,0,0,0,0,0,0,0,sulfide oxidation
CG2-30-53-67,Bacteria,14,0,0,6,0,0,0,0,0,0,sulfide oxidation
UBA8477,Bacteria,39,0,0,0,0,0,0,0,0,0,sulfide oxidation
Desulfarculia,Bacteria,88,0,0,1,0,0,0,0,1,0,sulfide oxidation
DSM-4660,Bacteria,243,0,0,13,0,0,0,0,6,2,sulfide oxidation
B62-G9,Bacteria,26,0,0,2,0,0,0,0,2,3,sulfide oxidation
CAKKQC01,Bacteria,7,0,0,0,0,0,0,0,0,0,sulfide oxidation
Koll11,Bacteria,956,0,0,1,0,0,0,0,1,0,sulfide oxidation
Fimbriimonadia,Bacteria,272,0,0,0,0,0,0,0,1,0,sulfide oxidation
Polarisedimenticolia,Bacteria,150,0,0,0,0,0,0,0,3,0,sulfide oxidation
Thermoanaerobaculia,Bacteria,711,0,0,0,0,0,0,0,35,0,sulfide oxidation
SHA-98,Bacteria,19,0,0,4,0,0,0,0,5,0,sulfide oxidation
4484-113,Bacteria,26,0,0,0,0,0,0,0,0,0,sulfide oxidation
JAGRBM01,Bacteria,6,0,0,0,0,0,0,0,0,0,sulfide oxidation
Lernaellaia,Bacteria,19,0,0,0,0,0,0,0,3,0,sulfide oxidation
Aenigmatarchaeia,Archaea,321,0,0,0,0,0,0,0,0,0,sulfide oxidation
UBA9942,Bacteria,9,0,0,0,0,0,0,0,0,0,sulfide oxidation
Korarchaeia,Archaea,34,0,0,4,0,0,0,0,0,24,sulfide oxidation
UBA890,Bacteria,25,0,0,0,0,0,0,0,0,0,sulfide oxidation
9FT-COMBO-42-15,Bacteria,16,0,0,3,0,0,0,0,4,0,sulfide oxidation
Bdellovibrionia,Bacteria,451,0,0,0,0,0,0,0,5,0,sulfide oxidation
JACRDZ01,Bacteria,1,0,0,1,0,0,0,0,0,0,sulfide oxidation
Sericytochromatia,Bacteria,49,0,0,0,0,0,0,0,2,0,sulfide oxidation
JACQVV01,Bacteria,5,0,0,0,0,0,0,0,0,3,sulfide oxidation
Patescibacteriia,Bacteria,1815,0,0,0,0,0,0,0,0,0,sulfide oxidation
UBA4738,Bacteria,189,8,0,0,0,0,0,30,83,0,sulfide oxidation
Methylomirabilia,Bacteria,277,6,0,0,0,0,0,0,10,0,sulfide oxidation
Dormibacteria,Bacteria,285,16,0,0,0,0,0,0,25,0,sulfide oxidation
Sysuimicrobiia,Bacteria,106,7,0,13,0,0,0,2,11,0,sulfide oxidation
DYIH01,Bacteria,6,3,0,0,0,0,0,0,0,0,sulfide oxidation
UBA1144,Bacteria,132,0,0,0,0,0,0,0,0,0,sulfide oxidation
Kryptoniia,Bacteria,29,0,0,0,0,0,0,0,0,0,sulfide oxidation
Hadarchaeia,Archaea,68,0,0,0,0,0,0,0,0,0,sulfide oxidation
Dethiobacteria,Bacteria,141,0,0,19,0,0,0,0,15,0,sulfide oxidation
HRBIN17,Bacteria,23,0,0,0,0,0,0,0,1,0,sulfide oxidation
Bipolaricaulia,Bacteria,212,0,0,7,0,0,0,0,10,1,sulfide oxidation
Clostridia,Bacteria,23758,0,0,1,0,0,0,0,1,1,sulfide oxidation
Methanosarcinia,Archaea,329,0,0,39,0,0,0,0,0,40,sulfide oxidation
Hydrothermarchaeia,Archaea,36,0,0,15,0,0,0,0,0,18,sulfide oxidation
Saccharimonadia,Bacteria,3696,0,0,0,0,0,0,0,0,0,sulfide oxidation
CG2-30-70-394,Bacteria,8,0,0,0,0,0,0,0,1,0,sulfide oxidation
Chlorobiia,Bacteria,168,0,127,0,0,0,0,0,5,0,sulfide oxidation
Hydrothermia,Bacteria,78,0,0,0,0,0,0,0,0,0,sulfide oxidation
Thermodesulfobacteria,Bacteria,69,0,0,2,0,0,0,0,1,0,sulfide oxidation
Halobacteria,Archaea,694,0,0,0,0,0,0,0,25,0,sulfide oxidation
MSB-5A5,Bacteria,332,0,0,0,0,0,0,0,0,0,sulfide oxidation
Chitinivibrionia,Bacteria,88,0,0,3,0,0,0,0,0,0,sulfide oxidation
Thermoprotei_A,Archaea,311,0,0,0,0,0,0,0,0,128,sulfide oxidation
Thermoprotei,Archaea,116,0,0,1,0,0,0,0,0,52,sulfide oxidation
Bacteriovoracia,Bacteria,374,0,0,0,0,0,0,0,4,0,sulfide oxidation
JAEDAM01,Bacteria,263,0,0,0,0,0,0,0,0,0,sulfide oxidation
SAR324,Bacteria,86,6,0,2,0,0,0,1,7,0,sulfide oxidation
UBA1135,Bacteria,354,0,0,0,0,0,0,0,29,0,sulfide oxidation
Magnetococcia,Bacteria,42,0,0,0,0,0,0,0,0,0,sulfide oxidation
Kiritimatiellia,Bacteria,884,0,0,5,0,0,0,0,8,0,sulfide oxidation
MOTU40_109050,Bacteria,2,0,0,1,0,0,0,0,0,0,sulfide oxidation
BCRBG_35354,Bacteria,1,0,0,1,0,0,0,0,0,0,sulfide oxidation
Thermoplasmata,Archaea,737,0,0,10,0,0,0,0,26,95,sulfide oxidation
Syntrophobacteria,Bacteria,117,0,0,16,0,0,0,0,5,12,sulfide oxidation
Aquicultoria,Bacteria,29,0,0,13,0,0,0,0,8,0,sulfide oxidation
Desulfomonilia,Bacteria,119,0,0,3,0,0,0,0,7,0,sulfide oxidation
Elusimicrobia,Bacteria,433,0,0,0,0,0,0,0,1,0,sulfide oxidation
UBA1018,Bacteria,142,0,0,0,0,0,0,0,1,0,sulfide oxidation
UBA9217,Bacteria,54,0,0,26,0,0,0,0,24,0,sulfide oxidation
BCRBG_40977,Bacteria,1,0,0,0,0,0,0,0,0,0,sulfide oxidation
GWC2-55-46,Bacteria,91,0,0,0,0,0,0,0,20,0,sulfide oxidation
Microgenomatia,Bacteria,1796,0,0,0,0,0,0,0,0,0,sulfide oxidation
Minisyncoccia,Bacteria,3964,0,0,0,0,0,0,0,0,0,sulfide oxidation
Thermotogae,Bacteria,158,0,0,0,0,0,0,0,4,0,sulfide oxidation
Poseidoniia,Archaea,587,2,0,2,0,0,0,0,0,3,sulfide oxidation
BCRBG_47423,Bacteria,1,0,0,0,0,0,0,0,1,1,sulfide oxidation
Nitrososphaeria_A,Archaea,77,0,0,0,0,0,0,0,0,2,sulfide oxidation
WGA-4E,Bacteria,245,0,0,1,0,0,0,0,1,4,sulfide oxidation
HRBIN11,Bacteria,13,5,0,0,0,0,0,0,0,0,sulfide oxidation
SPIREOTU_01107953,Bacteria,2,0,0,0,0,0,0,0,0,2,sulfide oxidation
UBA6077,Bacteria,37,0,0,0,0,0,0,0,2,0,sulfide oxidation
Desulfurellia,Bacteria,41,0,0,0,0,0,0,0,0,0,sulfide oxidation
SZUA-79,Bacteria,32,0,0,0,0,0,0,0,0,0,sulfide oxidation
CADDZG01,Bacteria,90,5,0,0,0,0,0,2,0,0,sulfide oxidation
E2,Archaea,222,0,0,0,0,0,0,0,0,8,sulfide oxidation
JAICYB01,Bacteria,13,1,0,0,0,0,0,0,0,0,sulfide oxidation
Brocadiia,Bacteria,129,0,0,14,0,0,0,0,12,15,sulfide oxidation
Andersenbacteria,Bacteria,57,0,0,0,0,0,0,0,0,0,sulfide oxidation
JAANXI01,Bacteria,8,0,0,0,0,0,0,0,0,0,sulfide oxidation
Latescibacteria,Bacteria,19,0,0,2,0,0,0,0,2,0,sulfide oxidation
XYA12-FULL-58-9,Bacteria,36,1,0,0,0,0,0,1,1,0,sulfide oxidation
Electryoneia,Bacteria,21,0,0,0,0,0,0,0,0,0,sulfide oxidation
Oligoflexia,Bacteria,180,1,0,0,0,0,0,0,7,0,sulfide oxidation
FAC87,Bacteria,50,0,0,0,0,0,0,0,13,0,sulfide oxidation
Heimdallarchaeia,Archaea,79,0,0,0,0,0,0,0,2,26,sulfide oxidation
Cloacimonadia,Bacteria,239,0,0,0,0,0,0,0,2,0,sulfide oxidation
RPQS01,Bacteria,32,0,0,1,0,0,0,0,0,0,sulfide oxidation
Nanobdellia,Archaea,1265,0,0,0,0,0,0,0,1,0,sulfide oxidation
Coriobacteriia,Bacteria,3976,2,0,4,0,0,0,0,3,0,sulfide oxidation
UBA1384,Bacteria,200,0,0,0,0,0,0,0,0,0,sulfide oxidation
Syntrophia,Bacteria,383,0,0,0,0,0,0,0,1,0,sulfide oxidation
Limnochordia,Bacteria,99,2,0,0,0,0,0,0,2,1,sulfide oxidation
Holophagae,Bacteria,164,0,0,0,0,0,0,0,10,0,sulfide oxidation
JAAXVQ01,Bacteria,15,0,0,0,0,0,0,0,0,0,sulfide oxidation
JACRHL01,Bacteria,6,3,0,0,0,0,0,0,5,0,sulfide oxidation
BCRBG_60947,Bacteria,1,0,0,1,0,0,0,0,1,1,sulfide oxidation
BCRBG_61327,Bacteria,1,0,0,0,0,0,0,0,0,0,sulfide oxidation
Archaeoglobi,Archaea,99,0,0,30,0,0,0,0,0,34,sulfide oxidation
Dojkabacteria,Bacteria,200,0,0,0,0,0,0,0,0,0,sulfide oxidation
UBA6911,Bacteria,123,0,0,1,0,0,0,0,2,0,sulfide oxidation
Palsa-1180,Bacteria,25,0,0,0,0,0,0,0,0,0,sulfide oxidation
Micrarchaeia,Archaea,431,0,0,0,0,0,0,0,1,1,sulfide oxidation
AC-67,Bacteria,15,2,0,0,0,0,0,0,0,0,sulfide oxidation
FW602-bin22,Bacteria,26,0,0,2,0,0,0,0,2,0,sulfide oxidation
Sumerlaeia,Bacteria,87,0,0,0,0,0,0,0,0,0,sulfide oxidation
JBCCFW01,Bacteria,3,0,0,0,0,0,0,0,0,0,sulfide oxidation
BCRBG_72066,Bacteria,1,0,0,0,0,0,0,0,0,0,sulfide oxidation
DTOL01,Bacteria,7,0,0,2,0,0,0,0,2,0,sulfide oxidation
Deferrimicrobia,Bacteria,82,0,0,0,0,0,0,0,0,0,sulfide oxidation
Hydrogenedentia,Bacteria,145,0,0,1,0,0,0,0,1,0,sulfide oxidation
Syntrophorhabdia,Bacteria,103,0,0,6,0,0,0,0,0,0,sulfide oxidation
Xenobia,Bacteria,55,0,0,0,0,0,0,0,1,0,sulfide oxidation
Sulfobacillia,Bacteria,39,14,0,0,0,0,0,0,0,1,sulfide oxidation
Calescibacteriia,Bacteria,9,0,0,0,0,0,0,0,0,0,sulfide oxidation
Peptococcia,Bacteria,92,0,0,2,0,0,0,0,3,0,sulfide oxidation
Iainarchaeia,Archaea,180,0,0,0,0,0,0,0,0,0,sulfide oxidation
Desulfitobacteriia,Bacteria,109,0,0,47,0,0,0,0,39,1,sulfide oxidation
AB16,Bacteria,30,0,0,0,0,0,0,0,3,0,sulfide oxidation
Thermosediminibacteria,Bacteria,29,0,0,2,0,0,0,0,0,1,sulfide oxidation
Syntropharchaeia,Archaea,67,0,0,8,0,0,0,0,0,9,sulfide oxidation
WOR-1,Bacteria,81,0,0,0,0,0,0,0,5,0,sulfide oxidation
JACOXK01,Bacteria,13,0,0,0,0,0,0,0,0,0,sulfide oxidation
RBG-13-43-22,Bacteria,13,0,0,1,0,0,0,0,0,0,sulfide oxidation
O2-12-FULL-43-9,Bacteria,1,0,0,0,0,0,0,0,0,0,sulfide oxidation
YA12-FULL-61-11,Bacteria,1,0,0,0,0,0,0,0,0,0,sulfide oxidation
UBA8919,Bacteria,12,0,0,3,0,0,0,0,1,3,sulfide oxidation
RBG-16-64-22,Bacteria,3,0,0,0,0,0,0,0,1,0,sulfide oxidation
JdFR-76,Bacteria,17,0,0,0,0,0,0,0,0,0,sulfide oxidation
UBA1874,Bacteria,1,0,0,1,0,0,0,0,0,0,sulfide oxidation
UBA6919,Bacteria,4,0,0,0,0,0,0,0,0,0,sulfide oxidation
UBA7883,Bacteria,36,0,0,0,0,0,0,0,0,0,sulfide oxidation
Vulcanimicrobiia,Bacteria,294,12,0,0,0,0,0,0,3,0,sulfide oxidation
SZUA-224,Bacteria,2,0,0,0,0,0,0,0,0,0,sulfide oxidation
Symbiobacteriia,Bacteria,22,1,0,0,0,0,0,0,8,1,sulfide oxidation
UBA5177,Bacteria,26,0,0,0,0,0,0,0,0,0,sulfide oxidation
T3Sed10-11,Bacteria,8,0,0,0,0,0,0,0,0,0,sulfide oxidation
SURF-8,Bacteria,10,0,0,1,0,0,0,0,1,0,sulfide oxidation
QNDG01,Bacteria,52,0,0,0,0,0,0,0,3,0,sulfide oxidation
J058,Bacteria,23,0,0,0,0,0,0,0,0,0,sulfide oxidation
4572-55,Bacteria,5,0,0,0,0,0,0,0,0,0,sulfide oxidation
Rubrobacteria,Bacteria,83,1,0,0,0,0,0,0,2,0,sulfide oxidation
CG2-30-40-21,Bacteria,9,0,0,6,0,0,0,0,1,1,sulfide oxidation
UBA8153,Bacteria,3,0,0,2,0,0,0,0,2,0,sulfide oxidation
Chthonomonadetes,Bacteria,65,0,0,0,0,0,0,0,3,0,sulfide oxidation
DTU030,Bacteria,14,0,0,0,0,0,0,0,0,0,sulfide oxidation
DTU086,Bacteria,5,0,0,0,0,0,0,0,1,0,sulfide oxidation
Dehalobacteriia,Bacteria,85,0,0,4,0,0,0,0,4,0,sulfide oxidation
Orphanbacteria,Bacteria,8,0,0,0,0,0,0,0,0,0,sulfide oxidation
Undinarchaeia,Archaea,8,0,0,0,0,0,0,0,0,0,sulfide oxidation
JACIYH01,Bacteria,4,0,0,3,0,0,0,0,3,0,sulfide oxidation
Moorellia,Bacteria,25,0,0,10,0,0,0,0,8,0,sulfide oxidation
Thermococci,Archaea,141,0,0,0,0,0,0,0,0,19,sulfide oxidation
JACPQY01,Bacteria,2,0,0,0,0,0,0,0,0,0,sulfide oxidation
JACPDT01,Bacteria,1,0,0,0,0,0,0,0,0,0,sulfide oxidation
CAIWXX01,Bacteria,3,0,0,0,0,0,0,0,0,0,sulfide oxidation
JACPTQ01,Bacteria,1,0,0,0,0,0,0,0,0,0,sulfide oxidation
SW-10-69-26,Archaea,16,0,0,0,0,0,0,0,1,6,sulfide oxidation
Brachyspiria,Bacteria,49,0,0,0,0,0,0,0,0,0,sulfide oxidation
UBA6262,Bacteria,8,0,0,0,0,0,0,0,0,0,sulfide oxidation
JACRCW01,Bacteria,3,0,0,0,0,0,0,0,0,0,sulfide oxidation
Fibrobacteria,Bacteria,253,0,0,0,0,0,0,0,0,0,sulfide oxidation
Hermodarchaeia,Archaea,10,0,0,2,0,0,0,0,0,2,sulfide oxidation
Wukongarchaeia,Archaea,2,0,0,1,0,0,0,0,0,1,sulfide oxidation
JAENJC01,Bacteria,4,0,0,2,0,0,0,0,1,0,sulfide oxidation
UBA8108,Bacteria,58,0,0,0,0,0,0,0,1,0,sulfide oxidation
Negativicutes,Bacteria,1087,0,0,1,0,0,0,0,2,0,sulfide oxidation
DSM-16504,Bacteria,7,0,0,2,0,0,0,0,1,0,sulfide oxidation
PH28-bin88,Bacteria,4,0,0,1,0,0,0,0,1,0,sulfide oxidation
JAAXHH01,Bacteria,37,0,0,0,0,0,0,0,0,1,sulfide oxidation
Marinamargulisbacteria,Bacteria,54,0,1,0,0,0,0,0,0,0,sulfide oxidation
HKB111,Bacteria,4,0,0,0,0,0,0,0,0,0,sulfide oxidation
RBS10-35,Bacteria,14,0,0,0,0,0,0,0,1,0,sulfide oxidation
JAHJRX01,Bacteria,2,0,0,1,0,0,0,0,0,0,sulfide oxidation
UBA2361,Bacteria,172,0,0,0,0,0,0,0,0,0,sulfide oxidation
B3-LCP,Bacteria,11,0,0,3,0,0,0,0,0,0,sulfide oxidation
Nitrospinia,Bacteria,96,0,0,0,0,0,0,0,3,0,sulfide oxidation
UBA8742,Bacteria,33,0,0,0,0,0,0,0,0,0,sulfide oxidation
DYIV01,Bacteria,1,0,0,1,0,0,0,0,0,0,sulfide oxidation
B15-G4,Bacteria,44,0,0,0,0,0,0,0,0,1,sulfide oxidation
DVGY01,Bacteria,1,0,0,0,0,0,0,0,0,0,sulfide oxidation
UBA995,Bacteria,13,0,0,4,0,0,0,0,3,0,sulfide oxidation
DUSP01,Bacteria,4,0,0,1,0,0,0,0,1,0,sulfide oxidation
Ktedonobacteria,Bacteria,139,13,0,0,0,0,0,2,0,3,sulfide oxidation
Desulfuromonadia,Bacteria,528,0,0,0,0,0,0,0,0,0,sulfide oxidation
Thermodesulfobiia,Bacteria,5,4,0,0,0,0,0,0,4,0,sulfide oxidation
JACRHJ01,Bacteria,8,0,0,2,0,0,0,0,2,0,sulfide oxidation
UBA4820,Bacteria,32,0,0,0,0,0,0,0,0,0,sulfide oxidation
JAMCPX01,Bacteria,14,0,0,0,0,0,0,0,0,0,sulfide oxidation
JAJYWN01,Bacteria,5,0,0,1,0,0,0,0,1,0,sulfide oxidation
JAJZYS01,Bacteria,17,0,0,0,0,0,0,0,0,1,sulfide oxidation
JAJZIM01,Bacteria,2,0,0,1,0,0,0,0,0,0,sulfide oxidation
Leptospirillia,Bacteria,20,0,0,0,0,0,0,0,12,0,sulfide oxidation
JABDET01,Bacteria,2,0,0,0,0,0,0,0,0,0,sulfide oxidation
GCA-003054495,Bacteria,4,0,0,2,0,0,0,0,2,0,sulfide oxidation
Halanaerobiia,Bacteria,87,0,0,0,0,0,0,0,1,0,sulfide oxidation
SORT01,Bacteria,8,0,0,0,0,0,0,0,0,0,sulfide oxidation
JAKEIC01,Bacteria,3,0,0,0,0,0,0,0,0,1,sulfide oxidation
UBA5301,Bacteria,8,0,0,1,0,0,0,0,1,0,sulfide oxidation
JAMCWA01,Bacteria,2,0,0,1,0,0,0,0,1,0,sulfide oxidation
JAIMAT01,Bacteria,3,0,0,0,0,0,0,0,0,0,sulfide oxidation
UBA727,Bacteria,60,0,0,0,0,0,0,0,1,0,sulfide oxidation
Dissulfuribacteria,Bacteria,80,0,0,1,0,0,0,0,0,0,sulfide oxidation
JACRDV01,Archaea,1,0,0,1,0,0,0,0,0,1,sulfide oxidation
Abditibacteriia,Bacteria,36,0,0,0,0,0,0,0,2,0,sulfide oxidation
Blakebacteria,Bacteria,10,0,0,0,0,0,0,0,1,0,sulfide oxidation
Joyebacteria,Bacteria,31,0,0,0,0,0,0,0,0,0,sulfide oxidation
ARS69,Bacteria,9,0,0,0,0,0,0,0,0,0,sulfide oxidation
Njordarchaeia,Archaea,7,0,0,0,0,0,0,0,0,2,sulfide oxidation
GCA-002687715,Bacteria,24,0,0,0,0,0,0,0,0,0,sulfide oxidation
JAOZGF01,Archaea,2,0,0,1,0,0,0,0,0,1,sulfide oxidation
DRYD01,Bacteria,10,0,0,0,0,0,0,0,0,0,sulfide oxidation
Zipacnadia,Bacteria,75,0,0,0,0,0,0,0,0,1,sulfide oxidation
JAOUDF01,Bacteria,1,0,0,1,0,0,0,0,1,0,sulfide oxidation
JADFVX01,Bacteria,6,0,0,0,0,0,0,0,0,1,sulfide oxidation
UBA9088,Bacteria,8,0,0,0,0,0,0,0,0,0,sulfide oxidation
SM23-61,Bacteria,26,0,0,1,0,0,0,0,0,0,sulfide oxidation
JASEGY01,Bacteria,3,0,0,2,0,0,0,0,0,0,sulfide oxidation
Chlamydiia,Bacteria,586,0,0,0,0,0,0,0,0,0,sulfide oxidation
CAJVYJ01,Bacteria,13,0,0,5,0,0,0,0,0,0,sulfide oxidation
JAUVYG01,Bacteria,1,0,0,1,0,0,0,0,1,0,sulfide oxidation
JAJVIF01,Bacteria,17,0,0,0,0,0,0,0,0,0,sulfide oxidation
PLA2,Bacteria,34,0,0,0,0,0,0,0,0,1,sulfide oxidation
UBA12135,Bacteria,7,0,0,0,0,0,0,0,0,0,sulfide oxidation
UBA5829,Bacteria,66,0,0,0,0,0,0,0,1,0,sulfide oxidation
UBA11872,Bacteria,70,0,0,0,0,0,0,0,0,0,sulfide oxidation
JAJYCY01,Bacteria,9,0,0,0,0,0,0,0,0,0,sulfide oxidation
JAUVQV01,Bacteria,6,0,0,1,0,0,0,0,0,0,sulfide oxidation
DTKX01,Archaea,19,0,0,0,0,0,0,0,5,6,sulfide oxidation
DG-23,Bacteria,14,0,0,1,0,0,0,0,0,1,sulfide oxidation
CALGFH01,Bacteria,36,5,0,0,0,0,0,0,3,0,sulfide oxidation
DASVDK01,Bacteria,2,0,0,0,0,0,0,0,1,0,sulfide oxidation
UBA4733,Bacteria,4,0,0,0,0,0,0,0,0,0,sulfide oxidation
OFTM77,Bacteria,2,0,0,0,0,0,0,0,1,0,sulfide oxidation
HRBIN16,Bacteria,19,0,0,0,0,0,0,0,0,0,sulfide oxidation
UBA6099,Bacteria,11,0,0,1,0,0,0,0,0,0,sulfide oxidation
JAQUKH01,Bacteria,2,0,0,1,0,0,0,0,0,0,sulfide oxidation
JAUYMQ01,Bacteria,5,0,0,0,0,0,0,0,0,0,sulfide oxidation
UBA2968,Bacteria,132,0,0,0,0,0,0,0,1,1,sulfide oxidation
JAWLBW01,Bacteria,4,0,0,0,0,0,0,0,0,0,sulfide oxidation
SYMT01,Bacteria,9,0,0,0,0,0,0,0,1,0,sulfide oxidation
CADDZV01,Bacteria,3,0,0,0,0,0,0,0,0,0,sulfide oxidation
UBA2235,Bacteria,25,0,0,0,0,0,0,0,0,0,sulfide oxidation
Riflemargulisbacteria,Bacteria,13,0,0,0,0,0,0,0,0,0,sulfide oxidation
Deferribacteres,Bacteria,71,0,0,0,0,0,0,0,0,0,sulfide oxidation
Hinthialibacteria,Bacteria,38,0,0,0,0,0,0,0,0,0,sulfide oxidation
Thermaerobacteria,Bacteria,8,0,0,0,0,0,0,0,0,0,sulfide oxidation
Uabimicrobiia,Bacteria,9,0,0,0,0,0,0,0,0,1,sulfide oxidation
Armatimonadia,Bacteria,82,0,0,0,0,0,0,0,2,0,sulfide oxidation
UBA10199,Bacteria,116,0,0,0,0,0,0,0,0,0,sulfide oxidation
JAUUWJ01,Bacteria,3,0,0,2,0,0,0,0,0,0,sulfide oxidation
BMS3Abin14,Bacteria,19,0,0,0,0,0,0,0,0,0,sulfide oxidation
RBG-13-61-14,Bacteria,21,0,0,0,0,0,0,0,0,0,sulfide oxidation
D2-FULL-39-29,Bacteria,13,0,0,0,0,0,0,0,1,1,sulfide oxidation
MOTU40_040469,Bacteria,1,0,0,0,0,0,0,0,0,0,sulfide oxidation
Aerophobia,Bacteria,36,0,0,2,0,0,0,0,2,2,sulfide oxidation
Geothermincolia,Bacteria,63,0,0,1,0,0,0,0,0,1,sulfide oxidation
DYJV01,Bacteria,9,0,0,1,0,0,0,0,0,0,sulfide oxidation
Entotheonellia,Bacteria,34,0,0,0,0,0,0,0,1,0,sulfide oxidation
GCA-2686955,Bacteria,5,0,0,0,0,0,0,0,0,0,sulfide oxidation
Anaeroferrophillalia,Bacteria,24,0,0,1,0,0,0,0,0,0,sulfide oxidation
CALKMS01,Bacteria,11,0,0,1,0,0,0,0,0,0,sulfide oxidation
DSWW01,Bacteria,16,0,0,0,0,0,0,0,0,0,sulfide oxidation
SPECIV4_06449,Bacteria,1,0,0,0,0,0,0,0,0,0,sulfide oxidation
SPIREOTU_00057398,Bacteria,2,0,0,2,0,0,0,0,2,0,sulfide oxidation
UBA2428,Bacteria,40,0,0,0,0,0,0,0,0,0,sulfide oxidation
SPIREOTU_00497025,Bacteria,1,0,0,0,0,0,0,0,0,0,sulfide oxidation
4484-107,Bacteria,7,0,0,1,0,0,0,0,0,0,sulfide oxidation
SPIREOTU_01799784,Bacteria,2,0,0,0,0,0,0,0,0,0,sulfide oxidation
Altiarchaeia,Archaea,53,0,0,0,0,0,0,0,0,1,sulfide oxidation
DAOWNY01,Bacteria,2,0,0,0,0,0,0,0,0,0,sulfide oxidation
Humimicrobiia,Bacteria,92,0,0,0,0,0,0,0,0,0,sulfide oxidation
UBA6624,Bacteria,10,0,0,0,0,0,0,0,0,0,sulfide oxidation
Gammaproteobacteria,Bacteria,28702,2440,5,1,0,0,0,296,901,11,sulfite oxidation
Alphaproteobacteria,Bacteria,21830,829,0,0,0,0,0,973,4126,35,sulfite oxidation
Methylomirabilia,Bacteria,277,2,0,1,0,0,0,0,0,0,sulfite oxidation
Dehalococcoidia,Bacteria,2107,0,0,47,0,0,0,0,5,11,sulfite oxidation
UBA6911,Bacteria,123,0,0,6,0,0,0,0,9,0,sulfite oxidation
Thermoplasmata,Archaea,737,0,0,2,0,0,0,0,7,9,sulfite oxidation
MSB-5A5,Bacteria,332,0,0,0,0,0,0,0,0,0,sulfite oxidation
Aquificia,Bacteria,192,0,0,0,0,0,0,0,0,0,sulfite oxidation
Syntrophia,Bacteria,383,0,0,2,0,0,0,0,2,0,sulfite oxidation
Binatia,Bacteria,484,0,0,0,0,0,0,0,9,0,sulfite oxidation
BCRBG_15457,Bacteria,1,0,0,1,0,0,0,0,0,0,sulfite oxidation
Syntrophobacteria,Bacteria,117,0,0,3,0,0,0,0,2,0,sulfite oxidation
Sysuimicrobiia,Bacteria,106,5,0,0,0,0,0,0,0,0,sulfite oxidation
JBBIRW01,Bacteria,4,0,0,0,0,0,0,0,0,3,sulfite oxidation
Thermodesulfovibrionia,Bacteria,444,0,0,17,0,0,0,0,0,4,sulfite oxidation
Anaerolineae,Bacteria,2860,2,0,3,0,0,0,0,10,1,sulfite oxidation
Halobacteria,Archaea,694,0,0,0,0,0,0,0,4,0,sulfite oxidation
Rhodothermia,Bacteria,624,0,0,0,0,0,0,0,0,0,sulfite oxidation
Desulfobacteria,Bacteria,844,0,0,16,0,0,0,0,13,0,sulfite oxidation
BCRBG_35300,Bacteria,1,0,0,0,0,0,0,0,0,0,sulfite oxidation
Gemmatimonadetes,Bacteria,2069,0,0,1,0,0,0,0,8,0,sulfite oxidation
Limnocylindria,Bacteria,527,1,0,0,0,0,0,0,0,0,sulfite oxidation
Vicinamibacteria,Bacteria,851,0,0,0,0,0,0,0,0,0,sulfite oxidation
Thermoprotei_A,Archaea,311,0,0,0,0,0,0,0,0,32,sulfite oxidation
AABM5-125-24,Bacteria,19,0,0,0,0,0,0,0,0,0,sulfite oxidation
Electryoneia,Bacteria,21,0,0,0,0,0,0,0,0,0,sulfite oxidation
UBA4738,Bacteria,189,0,0,0,0,0,0,0,1,0,sulfite oxidation
UBA7883,Bacteria,36,0,0,0,0,0,0,0,0,0,sulfite oxidation
Phycisphaerae,Bacteria,2031,0,0,0,0,0,0,0,2,0,sulfite oxidation
Coriobacteriia,Bacteria,3976,0,0,2,0,0,0,0,10,0,sulfite oxidation
Bacilli,Bacteria,10436,0,0,0,0,0,0,0,0,0,sulfite oxidation
RBG-16-71-46,Bacteria,205,0,0,0,0,0,0,0,0,0,sulfite oxidation
Krumholzibacteriia,Bacteria,216,0,0,1,0,0,0,0,0,0,sulfite oxidation
Thermoleophilia,Bacteria,1735,0,0,4,0,0,0,1,5,7,sulfite oxidation
Bacteroidia,Bacteria,26963,1,0,0,0,0,0,0,3,0,sulfite oxidation
DSM-4660,Bacteria,243,0,0,13,0,0,0,0,7,0,sulfite oxidation
Desulfarculia,Bacteria,88,0,0,2,0,0,0,0,1,0,sulfite oxidation
Sulfobacillia,Bacteria,39,14,0,0,0,0,0,0,0,0,sulfite oxidation
Thermoprotei,Archaea,116,0,0,0,0,0,0,0,0,11,sulfite oxidation
PH28-bin88,Bacteria,4,0,0,1,0,0,0,0,1,0,sulfite oxidation
Kryptoniia,Bacteria,29,0,0,0,0,0,0,0,0,0,sulfite oxidation
HRBIN11,Bacteria,13,0,0,0,0,0,0,0,1,0,sulfite oxidation
Zetaproteobacteria,Bacteria,146,0,0,0,0,0,0,0,0,0,sulfite oxidation
UBA6919,Bacteria,4,0,0,0,0,0,0,0,0,0,sulfite oxidation
Nitrososphaeria,Archaea,843,0,0,3,0,1,0,0,0,3,sulfite oxidation
Magnetococcia,Bacteria,42,0,0,0,0,0,0,0,0,0,sulfite oxidation
Moorellia,Bacteria,25,0,0,1,0,0,0,0,0,0,sulfite oxidation
Chloroflexia,Bacteria,434,0,0,0,0,0,0,0,1,0,sulfite oxidation
Desulfitobacteriia,Bacteria,109,0,0,4,0,0,0,0,2,0,sulfite oxidation
Desulfotomaculia,Bacteria,146,0,0,0,0,0,0,0,0,0,sulfite oxidation
Clostridia,Bacteria,23758,0,0,1,0,0,0,0,1,0,sulfite oxidation
JACPQY01,Bacteria,2,0,0,0,0,0,0,0,0,0,sulfite oxidation
FW602-bin22,Bacteria,26,0,0,1,0,0,0,0,2,0,sulfite oxidation
Terriglobia,Bacteria,2679,1,0,0,0,0,0,0,0,0,sulfite oxidation
JACPUC01,Bacteria,1,0,0,0,0,0,0,0,1,0,sulfite oxidation
Vampirovibrionia,Bacteria,1135,0,0,0,0,0,0,0,0,0,sulfite oxidation
Polyangia,Bacteria,1189,0,0,0,0,0,0,0,0,0,sulfite oxidation
Deferrimicrobia,Bacteria,82,0,0,0,0,0,0,0,0,0,sulfite oxidation
UBA4802,Bacteria,120,0,0,1,0,0,0,0,1,0,sulfite oxidation
WTBG01,Bacteria,54,0,0,2,0,0,0,0,0,0,sulfite oxidation
B15-G4,Bacteria,44,0,0,0,0,0,0,0,1,0,sulfite oxidation
Desulfovibrionia,Bacteria,702,0,0,1,0,0,0,0,0,0,sulfite oxidation
JAJZIM01,Bacteria,2,0,0,1,0,0,0,0,0,0,sulfite oxidation
Acidimicrobiia,Bacteria,3148,0,0,0,0,0,0,1,4,0,sulfite oxidation
SAR324,Bacteria,86,0,0,0,0,0,0,0,0,0,sulfite oxidation
SM23-61,Bacteria,26,0,0,2,0,0,0,0,1,0,sulfite oxidation
UBA890,Bacteria,25,0,0,0,0,0,0,0,0,0,sulfite oxidation
PLA2,Bacteria,34,0,0,0,0,0,0,0,0,1,sulfite oxidation
JAJVIF01,Bacteria,17,0,0,0,0,0,0,0,0,0,sulfite oxidation
Verrucomicrobiia,Bacteria,4414,0,0,0,0,0,0,0,0,0,sulfite oxidation
Deferribacteres,Bacteria,71,0,0,0,0,0,0,0,0,0,sulfite oxidation
B3-B38,Bacteria,19,0,0,0,0,0,0,0,0,0,sulfite oxidation
UBA8473,Bacteria,11,0,0,1,0,0,0,0,1,0,sulfite oxidation
JACPSX01,Bacteria,2,0,0,0,0,0,0,0,0,0,sulfite oxidation
Syntrophorhabdia,Bacteria,103,0,0,2,0,0,0,0,0,0,sulfite oxidation
Syntrophomonadia,Bacteria,122,0,0,0,0,0,0,0,1,0,sulfite oxidation
CG2-30-70-394,Bacteria,8,0,0,0,0,0,0,0,1,0,sulfite oxidation
JAZFTZ01,Bacteria,1,0,0,0,0,0,0,0,0,0,sulfite oxidation
CALINM01,Bacteria,10,0,0,1,0,0,0,0,0,0,sulfite oxidation
Thermodesulfobacteria,Bacteria,69,0,0,2,0,0,0,0,0,0,sulfite oxidation
Bipolaricaulia,Bacteria,212,0,0,0,0,0,0,0,0,0,sulfite oxidation
Aminicenantia,Bacteria,422,0,0,0,0,0,0,0,0,0,sulfite oxidation
Hydrothermia,Bacteria,78,0,0,0,0,0,0,0,0,0,sulfite oxidation
UBA1135,Bacteria,354,0,0,0,0,0,0,0,1,0,sulfite oxidation
CAIWXX01,Bacteria,3,0,0,0,0,0,0,0,1,0,sulfite oxidation
BSN033,Bacteria,72,0,0,4,0,0,0,0,2,0,sulfite oxidation
B13-G15,Bacteria,25,0,0,0,0,0,0,0,1,0,sulfite oxidation
Minisyncoccia,Bacteria,3964,0,0,0,0,0,0,0,0,0,sulfite oxidation
Poseidoniia,Archaea,587,0,0,0,0,0,0,0,0,0,sulfite oxidation
UBA8248,Bacteria,48,0,0,0,0,0,0,0,1,0,sulfite oxidation
Actinomycetes,Bacteria,13479,0,0,0,0,0,0,0,0,0,sulfite oxidation
Entotheonellia,Bacteria,34,0,0,0,0,0,0,0,1,0,sulfite oxidation
UBA9042,Bacteria,130,0,0,0,0,0,0,0,0,0,sulfite oxidation
MOTU40_113486,Bacteria,1,0,0,0,0,0,0,0,0,0,sulfite oxidation
UBA796,Bacteria,235,0,0,1,0,0,0,0,0,0,sulfite oxidation
Planctomycetia,Bacteria,2293,0,0,0,0,0,0,0,1,0,sulfite oxidation
XYA12-FULL-58-9,Bacteria,36,1,0,0,0,0,0,0,0,0,sulfite oxidation
Marinisomatia,Bacteria,362,0,0,0,0,0,0,0,0,0,sulfite oxidation
Saccharimonadia,Bacteria,3696,0,0,0,0,0,0,0,0,0,sulfite oxidation
Polarisedimenticolia,Bacteria,150,0,0,0,0,0,0,0,1,0,sulfite oxidation
SPIREOTU_00867198,Bacteria,3,0,0,0,0,0,0,0,0,0,sulfite oxidation
Myxococcia,Bacteria,382,0,0,0,0,0,0,0,0,0,sulfite oxidation
Cyanobacteriia,Bacteria,2303,0,0,0,0,0,0,0,0,0,sulfite oxidation
Abditibacteriia,Bacteria,36,0,0,0,0,0,0,0,1,0,sulfite oxidation
Gammaproteobacteria,Bacteria,28702,1382,1,0,0,0,0,299,1509,8,CO oxidation
Alphaproteobacteria,Bacteria,21830,1616,0,0,0,0,0,1402,5807,49,CO oxidation
Anaerolineae,Bacteria,2860,87,0,192,0,0,0,1,490,108,CO oxidation
Chloroflexia,Bacteria,434,26,0,0,42,0,0,48,63,3,CO oxidation
Acidimicrobiia,Bacteria,3148,96,0,1,0,0,0,333,578,1,CO oxidation
UBA9160,Bacteria,264,0,0,2,0,0,0,9,34,0,CO oxidation
Thermoanaerobaculia,Bacteria,711,0,0,0,0,0,0,0,122,0,CO oxidation
Calditrichia,Bacteria,113,2,0,0,0,0,0,0,5,0,CO oxidation
Verrucomicrobiia,Bacteria,4414,0,0,2,0,0,0,0,4,6,CO oxidation
Blastocatellia,Bacteria,1013,1,0,0,0,0,0,1,1,0,CO oxidation
Myxococcia,Bacteria,382,6,0,0,0,0,0,0,12,1,CO oxidation
Thermoleophilia,Bacteria,1735,133,0,0,0,0,0,165,171,0,CO oxidation
Limnocylindria,Bacteria,527,14,0,3,0,0,0,0,13,0,CO oxidation
Bacteroidia,Bacteria,26963,7,0,0,0,0,0,0,211,9,CO oxidation
Polyangia,Bacteria,1189,4,0,0,0,0,0,15,16,1,CO oxidation
Dehalococcoidia,Bacteria,2107,3,0,1,0,0,0,2,389,1,CO oxidation
Methylomirabilia,Bacteria,277,1,0,0,0,0,0,0,39,0,CO oxidation
Actinomycetes,Bacteria,13479,535,0,0,0,0,0,286,875,252,CO oxidation
Vicinamibacteria,Bacteria,851,2,0,0,0,0,0,0,23,0,CO oxidation
Terriglobia,Bacteria,2679,15,0,4,0,0,0,0,106,8,CO oxidation
JdFR-97,Bacteria,11,0,0,3,0,0,0,0,0,0,CO oxidation
Gemmatimonadetes,Bacteria,2069,10,0,1,0,0,0,88,22,0,CO oxidation
JADJOY01,Bacteria,4,0,0,0,0,0,0,0,2,0,CO oxidation
Thermosulfidibacteria,Bacteria,18,0,0,0,0,0,0,0,0,0,CO oxidation
Binatia,Bacteria,484,5,0,0,0,0,0,6,79,2,CO oxidation
Desulfobacteria,Bacteria,844,0,0,25,0,0,0,0,23,0,CO oxidation
Desulfovibrionia,Bacteria,702,0,0,7,0,0,0,0,6,0,CO oxidation
Entotheonellia,Bacteria,34,0,0,0,0,0,0,0,2,0,CO oxidation
Vulcanimicrobiia,Bacteria,294,21,0,0,0,0,0,0,6,0,CO oxidation
GCA-002687715,Bacteria,24,0,0,0,0,0,0,0,0,0,CO oxidation
UBA8108,Bacteria,58,0,0,0,0,0,0,0,3,0,CO oxidation
JBBIRW01,Bacteria,4,0,0,0,0,0,0,0,0,0,CO oxidation
Rhodothermia,Bacteria,624,1,0,0,0,0,0,0,2,0,CO oxidation
Syntrophia,Bacteria,383,0,0,1,0,0,0,0,0,0,CO oxidation
JdFR-76,Bacteria,17,0,0,0,0,0,0,0,0,0,CO oxidation
Deinococci,Bacteria,355,16,0,0,0,0,0,0,19,3,CO oxidation
Nitrospiria,Bacteria,560,0,6,0,0,0,0,0,4,0,CO oxidation
Halobacteria,Archaea,694,0,0,0,0,0,0,0,18,0,CO oxidation
T1Sed10-126,Bacteria,9,0,0,0,0,0,0,0,0,0,CO oxidation
UBA8248,Bacteria,48,0,0,0,0,0,0,0,17,0,CO oxidation
2-12-FULL-45-22,Bacteria,2,0,0,0,0,0,0,0,0,0,CO oxidation
UBA890,Bacteria,25,0,0,0,0,0,0,0,4,0,CO oxidation
WYAZ01,Bacteria,37,0,0,0,0,0,0,5,4,0,CO oxidation
Thermoplasmata,Archaea,737,0,0,1,0,0,0,0,11,57,CO oxidation
Koll11,Bacteria,956,0,0,0,0,0,0,0,0,0,CO oxidation
Zhuqueibacteria,Bacteria,162,5,0,0,0,0,0,0,0,0,CO oxidation
UBA4738,Bacteria,189,8,0,0,0,0,0,36,120,0,CO oxidation
Dormibacteria,Bacteria,285,35,0,0,0,0,0,0,91,2,CO oxidation
Sysuimicrobiia,Bacteria,106,7,0,14,0,0,0,2,13,0,CO oxidation
Limnochordia,Bacteria,99,3,0,0,0,0,0,0,0,0,CO oxidation
DTGP01,Bacteria,10,0,0,0,0,0,0,0,0,0,CO oxidation
Thermoprotei,Archaea,116,0,0,0,0,0,0,0,0,34,CO oxidation
Nitrososphaeria,Archaea,843,0,0,4,0,0,0,0,0,9,CO oxidation
Marinisomatia,Bacteria,362,0,0,0,0,0,0,0,0,1,CO oxidation
SAR324,Bacteria,86,10,0,1,0,0,0,3,26,3,CO oxidation
B62-G9,Bacteria,26,0,0,1,0,0,0,0,1,1,CO oxidation
WGA-4E,Bacteria,245,0,0,0,0,0,0,0,0,27,CO oxidation
Spirochaetia,Bacteria,1551,0,0,0,0,0,0,0,1,0,CO oxidation
Thermoprotei_A,Archaea,311,0,0,0,0,0,0,0,0,63,CO oxidation
SM23-61,Bacteria,26,0,0,5,0,0,0,0,7,0,CO oxidation
Kiritimatiellia,Bacteria,884,0,0,0,0,0,0,0,3,0,CO oxidation
UBA6911,Bacteria,123,0,0,0,0,0,0,0,10,1,CO oxidation
UBA6077,Bacteria,37,1,0,0,0,0,0,0,8,0,CO oxidation
UBA11872,Bacteria,70,0,0,0,0,0,0,0,2,0,CO oxidation
HRBIN11,Bacteria,13,3,0,0,0,0,0,0,0,0,CO oxidation
Bacilli,Bacteria,10436,5,0,0,0,0,0,0,2,98,CO oxidation
XYA12-FULL-58-9,Bacteria,36,0,0,0,0,0,0,1,0,0,CO oxidation
FAC87,Bacteria,50,0,0,0,0,0,0,0,0,0,CO oxidation
UBA1135,Bacteria,354,0,0,0,0,0,0,0,2,0,CO oxidation
Ktedonobacteria,Bacteria,139,27,0,0,0,0,0,4,0,8,CO oxidation
Nitriliruptoria,Bacteria,142,10,0,0,0,0,0,32,34,0,CO oxidation
FW602-bin22,Bacteria,26,0,0,0,0,0,0,0,0,0,CO oxidation
MHYJ01,Bacteria,53,0,0,0,0,0,0,0,0,7,CO oxidation
DSM-4660,Bacteria,243,0,0,6,0,0,0,0,3,0,CO oxidation
UBA2968,Bacteria,132,0,0,2,0,0,0,0,9,4,CO oxidation
Sulfobacillia,Bacteria,39,13,0,0,0,0,0,0,0,0,CO oxidation
Nitrososphaeria_A,Archaea,77,0,0,0,0,0,0,0,0,0,CO oxidation
Cyanobacteriia,Bacteria,2303,28,0,0,0,0,0,0,0,0,CO oxidation
UBA2235,Bacteria,25,0,0,0,0,0,0,0,0,0,CO oxidation
UBA9042,Bacteria,130,0,0,0,0,0,0,0,0,0,CO oxidation
Planctomycetia,Bacteria,2293,2,0,0,0,0,0,0,1,0,CO oxidation
HRBIN17,Bacteria,23,0,0,0,0,0,0,0,1,0,CO oxidation
Thermaerobacteria,Bacteria,8,0,0,0,0,0,0,0,0,0,CO oxidation
Symbiobacteriia,Bacteria,22,1,0,0,0,0,0,0,11,0,CO oxidation
Rubrobacteria,Bacteria,83,6,0,0,0,0,0,0,9,0,CO oxidation
RBG-16-71-46,Bacteria,205,0,0,0,0,0,0,0,0,0,CO oxidation
CADDZG01,Bacteria,90,19,0,0,0,0,0,2,4,0,CO oxidation
Micrarchaeia,Archaea,431,0,0,0,0,0,0,0,0,0,CO oxidation
Desulfitobacteriia,Bacteria,109,0,0,1,0,0,0,0,1,0,CO oxidation
Aquificia,Bacteria,192,0,4,0,0,0,0,0,0,0,CO oxidation
Uabimicrobiia,Bacteria,9,0,0,0,0,0,0,0,2,3,CO oxidation
Moorellia,Bacteria,25,0,0,1,0,0,0,0,0,0,CO oxidation
UBA5301,Bacteria,8,0,0,1,0,0,0,0,0,0,CO oxidation
RBS10-35,Bacteria,14,0,0,0,0,0,0,0,1,0,CO oxidation
Kapaibacteriia,Bacteria,357,0,0,0,0,0,0,0,0,0,CO oxidation
Bipolaricaulia,Bacteria,212,0,0,0,0,0,0,0,0,0,CO oxidation
JACPFL01,Bacteria,1,0,0,0,0,0,0,0,1,0,CO oxidation
UBA10030,Bacteria,301,0,0,0,0,0,0,0,0,0,CO oxidation
JACPUC01,Bacteria,1,0,0,0,0,0,0,0,1,0,CO oxidation
JACPSX01,Bacteria,2,0,0,0,0,0,0,0,0,0,CO oxidation
Elusimicrobia,Bacteria,433,0,0,0,0,0,0,0,0,0,CO oxidation
JACQVV01,Bacteria,5,0,0,0,0,0,0,0,0,1,CO oxidation
Thermodesulfovibrionia,Bacteria,444,0,0,1,0,0,0,0,0,0,CO oxidation
Phycisphaerae,Bacteria,2031,0,0,0,0,0,0,0,0,0,CO oxidation
Desulfarculia,Bacteria,88,0,0,1,0,0,0,0,0,0,CO oxidation
UBA796,Bacteria,235,0,0,0,0,0,0,0,0,0,CO oxidation
RPQS01,Bacteria,32,0,0,0,0,0,0,0,0,0,CO oxidation
DYFQ01,Bacteria,1,0,0,1,0,0,0,0,1,0,CO oxidation
UBA5177,Bacteria,26,1,0,0,0,0,0,0,1,0,CO oxidation
JAJPGV01,Bacteria,4,0,0,0,0,0,0,0,0,0,CO oxidation
JAJZYS01,Bacteria,17,0,0,0,0,0,0,0,0,0,CO oxidation
Chitinivibrionia,Bacteria,88,0,0,0,0,0,0,0,0,0,CO oxidation
JAIMAT01,Bacteria,3,0,0,0,0,0,0,0,0,0,CO oxidation
JAAXHH01,Bacteria,37,0,0,0,0,0,0,0,0,1,CO oxidation
CALGFH01,Bacteria,36,5,0,0,0,0,0,0,6,0,CO oxidation
Moduliflexia,Bacteria,16,4,0,1,0,0,0,0,1,1,CO oxidation
Minisyncoccia,Bacteria,3964,0,0,0,0,0,0,0,0,0,CO oxidation
Lentisphaeria,Bacteria,458,0,0,0,0,0,0,0,2,0,CO oxidation
Bathyarchaeia,Archaea,700,0,0,1,0,0,0,0,0,4,CO oxidation
DASVDK01,Bacteria,2,0,0,0,0,0,0,0,2,0,CO oxidation
UBA4733,Bacteria,4,0,0,0,0,0,0,0,0,0,CO oxidation
Desulfomonilia,Bacteria,119,0,0,1,0,0,0,0,1,0,CO oxidation
Synergistia,Bacteria,306,0,0,0,0,0,0,0,0,0,CO oxidation
Desulfobulbia,Bacteria,466,0,0,1,0,0,0,0,1,0,CO oxidation
Heimdallarchaeia,Archaea,79,0,0,0,0,0,0,0,0,0,CO oxidation
SORT01,Bacteria,8,0,0,0,0,0,0,0,0,0,CO oxidation
Polarisedimenticolia,Bacteria,150,0,0,0,0,0,0,0,0,0,CO oxidation
Sumerlaeia,Bacteria,87,0,0,0,0,0,0,0,0,0,CO oxidation
Marinamargulisbacteria,Bacteria,54,0,0,0,0,0,0,0,0,0,CO oxidation
Saccharimonadia,Bacteria,3696,0,0,0,0,0,0,0,0,0,CO oxidation
SPIREOTU_00098093,Bacteria,2,0,0,0,0,0,0,0,0,0,CO oxidation
SPECIV4_06449,Bacteria,1,0,0,0,0,0,0,0,0,0,CO oxidation
AC-67,Bacteria,15,0,0,0,0,0,0,0,0,0,CO oxidation
J058,Bacteria,23,0,0,0,0,0,0,0,0,0,CO oxidation
BSN033,Bacteria,72,0,0,1,0,0,0,0,1,0,CO oxidation
JAICYB01,Bacteria,13,0,0,0,0,0,0,0,0,0,CO oxidation
SZUA-567,Bacteria,67,0,0,0,0,0,0,0,0,0,CO oxidation
Anaerolineae,Bacteria,2860,107,0,428,0,0,0,1,818,109,formate oxidation
Verrucomicrobiia,Bacteria,4414,15,0,5,0,0,0,1,179,6,formate oxidation
UBA1018,Bacteria,142,0,0,0,0,0,0,0,4,0,formate oxidation
Gemmatimonadetes,Bacteria,2069,27,0,1,2,0,0,174,104,0,formate oxidation
Fimbriimonadia,Bacteria,272,0,0,0,0,0,0,0,11,0,formate oxidation
Gammaproteobacteria,Bacteria,28702,3000,2,1,0,0,0,811,3368,871,formate oxidation
UBA1135,Bacteria,354,0,0,0,0,0,0,0,102,2,formate oxidation
Alphaproteobacteria,Bacteria,21830,1977,0,0,0,0,0,1979,6728,51,formate oxidation
Phycisphaerae,Bacteria,2031,0,0,152,0,0,0,0,93,97,formate oxidation
UBA6777,Bacteria,8,0,0,0,0,0,0,0,4,0,formate oxidation
Polyangia,Bacteria,1189,1,0,10,0,0,0,3,72,0,formate oxidation
JABWAT01,Bacteria,7,0,0,0,0,0,0,0,0,0,formate oxidation
JAJVIF01,Bacteria,17,0,0,0,0,0,0,0,0,0,formate oxidation
UBA796,Bacteria,235,0,0,1,0,0,0,0,2,0,formate oxidation
Myxococcia,Bacteria,382,0,0,1,0,0,0,0,52,0,formate oxidation
SZUA-567,Bacteria,67,0,0,1,0,0,0,0,7,4,formate oxidation
PLA2,Bacteria,34,0,0,0,0,0,0,0,5,28,formate oxidation
Nitrospiria,Bacteria,560,1,127,2,0,0,0,0,124,0,formate oxidation
Planctomycetia,Bacteria,2293,4,0,3,0,0,0,0,186,19,formate oxidation
Bacteroidia,Bacteria,26963,12,3,1,0,0,0,1,1322,4,formate oxidation
Blastocatellia,Bacteria,1013,1,0,0,0,0,0,0,6,0,formate oxidation
UBA9042,Bacteria,130,0,0,0,0,0,0,1,0,0,formate oxidation
UBA8742,Bacteria,33,0,0,0,0,0,0,0,0,0,formate oxidation
Bacilli,Bacteria,10436,8,0,0,0,0,0,0,21,614,formate oxidation
MHYJ01,Bacteria,53,0,0,6,0,0,0,0,8,12,formate oxidation
Thermoleophilia,Bacteria,1735,68,0,44,0,0,0,91,159,76,formate oxidation
Holophagae,Bacteria,164,0,0,2,0,0,0,0,17,0,formate oxidation
Dehalococcoidia,Bacteria,2107,0,0,277,0,0,0,33,411,19,formate oxidation
DTOL01,Bacteria,7,0,0,2,0,0,0,0,2,0,formate oxidation
Methylomirabilia,Bacteria,277,25,0,0,0,0,0,0,38,0,formate oxidation
B130-G9,Bacteria,8,0,0,0,0,0,0,0,0,0,formate oxidation
DSM-4660,Bacteria,243,0,0,94,0,0,0,0,60,2,formate oxidation
Hydrogenedentia,Bacteria,145,0,0,7,0,0,0,0,12,0,formate oxidation
Humimicrobiia,Bacteria,92,0,0,39,0,0,0,0,8,4,formate oxidation
Clostridia,Bacteria,23758,0,0,188,0,0,0,0,110,55,formate oxidation
Negativicutes,Bacteria,1087,0,0,24,0,0,0,0,50,11,formate oxidation
Vicinamibacteria,Bacteria,851,0,0,0,0,0,0,0,8,0,formate oxidation
Terriglobia,Bacteria,2679,1,0,1,0,0,0,0,100,35,formate oxidation
Desulfobaccia,Bacteria,81,0,0,24,0,0,0,0,1,33,formate oxidation
RBG-16-71-46,Bacteria,205,0,0,0,0,0,0,0,1,0,formate oxidation
UBA4802,Bacteria,120,0,0,22,0,0,0,0,20,2,formate oxidation
Desulfobacteria,Bacteria,844,0,0,262,0,0,0,0,185,39,formate oxidation
UBA9160,Bacteria,264,7,0,1,0,0,0,36,64,0,formate oxidation
Desulfomonilia,Bacteria,119,0,0,49,0,0,0,0,45,0,formate oxidation
SURF-5,Bacteria,9,0,0,7,0,0,0,0,6,0,formate oxidation
B129-G9,Bacteria,7,0,0,1,0,0,0,0,1,0,formate oxidation
Bathyarchaeia,Archaea,700,0,0,60,0,0,0,0,11,57,formate oxidation
Syntrophobacteria,Bacteria,117,0,0,77,0,0,0,0,34,10,formate oxidation
Bipolaricaulia,Bacteria,212,0,0,55,0,0,0,0,54,3,formate oxidation
BCRBG_01886,Bacteria,1,0,0,0,0,0,0,0,0,0,formate oxidation
UBA1177,Bacteria,54,0,0,0,0,0,0,0,0,0,formate oxidation
Thermotogae,Bacteria,158,0,0,0,0,0,0,0,14,0,formate oxidation
Syntrophia,Bacteria,383,0,0,26,0,0,0,0,42,0,formate oxidation
CADAWZ01,Bacteria,13,0,0,0,0,0,0,0,3,0,formate oxidation
Methanomicrobia,Archaea,353,1,0,98,0,0,0,0,0,270,formate oxidation
Aminicenantia,Bacteria,422,0,0,6,0,0,0,0,21,0,formate oxidation
Desulfovibrionia,Bacteria,702,14,0,22,0,0,0,0,117,1,formate oxidation
CSSED10-310,Bacteria,6,0,0,0,0,0,0,0,0,0,formate oxidation
Thermodesulfobacteria,Bacteria,69,0,0,26,0,0,0,0,0,0,formate oxidation
Thermodesulfovibrionia,Bacteria,444,3,0,163,0,0,0,0,1,18,formate oxidation
Aerophobia,Bacteria,36,0,0,11,0,0,0,0,11,23,formate oxidation
Nitrososphaeria,Archaea,843,0,0,12,0,10,0,0,0,14,formate oxidation
UBA6911,Bacteria,123,0,0,8,0,0,0,0,25,0,formate oxidation
Spirochaetia,Bacteria,1551,0,0,34,0,0,0,0,72,14,formate oxidation
Zymogenia,Bacteria,11,0,0,1,0,0,0,0,1,0,formate oxidation
SBBH01,Bacteria,5,0,0,0,0,0,0,0,0,0,formate oxidation
Halanaerobiia,Bacteria,87,0,0,6,0,0,0,0,18,2,formate oxidation
Asgardarchaeia,Archaea,2,0,0,0,0,0,0,0,0,1,formate oxidation
Desulfarculia,Bacteria,88,0,0,31,0,0,0,0,22,0,formate oxidation
Syntrophomonadia,Bacteria,122,0,0,0,0,0,0,0,59,0,formate oxidation
Proteinivoracia,Bacteria,18,0,0,0,0,0,0,0,0,0,formate oxidation
Arandabacteria,Bacteria,23,0,0,2,0,0,0,0,0,0,formate oxidation
Desulfuromonadia,Bacteria,528,0,0,0,0,0,0,0,25,0,formate oxidation
Methanosarcinia,Archaea,329,0,13,85,0,0,0,0,0,121,formate oxidation
Entotheonellia,Bacteria,34,0,0,0,0,0,0,0,2,0,formate oxidation
CLD3,Bacteria,25,0,0,0,0,0,0,0,1,0,formate oxidation
Acidimicrobiia,Bacteria,3148,51,0,4,0,0,0,50,124,0,formate oxidation
Vulcanimicrobiia,Bacteria,294,12,0,0,0,0,0,0,3,0,formate oxidation
Actinomycetes,Bacteria,13479,338,0,0,0,0,0,207,775,194,formate oxidation
E2,Archaea,222,0,0,0,0,0,0,0,0,7,formate oxidation
S145-22,Bacteria,14,0,0,3,0,0,0,0,3,0,formate oxidation
Binatia,Bacteria,484,3,0,0,0,0,0,8,62,1,formate oxidation
Limnocylindria,Bacteria,527,5,0,2,0,0,0,0,8,0,formate oxidation
UBA727,Bacteria,60,0,0,0,0,0,0,0,1,0,formate oxidation
Desulfotomaculia,Bacteria,146,5,0,33,0,0,0,0,12,0,formate oxidation
Synergistia,Bacteria,306,0,0,0,0,0,0,0,17,0,formate oxidation
Desulfobulbia,Bacteria,466,2,0,276,0,0,0,0,87,0,formate oxidation
UBA10199,Bacteria,116,0,0,0,0,0,0,0,0,0,formate oxidation
CG2-30-53-67,Bacteria,14,0,0,6,0,0,0,0,1,0,formate oxidation
Brocadiia,Bacteria,129,1,0,74,0,0,0,0,54,85,formate oxidation
Deferrisomatia,Bacteria,21,0,0,11,0,0,0,0,7,0,formate oxidation
B62-G9,Bacteria,26,0,0,15,0,0,0,0,16,6,formate oxidation
Lentisphaeria,Bacteria,458,0,1,10,0,0,0,0,10,0,formate oxidation
Deinococci,Bacteria,355,18,0,0,0,0,0,0,36,0,formate oxidation
Kiritimatiellia,Bacteria,884,0,0,39,0,0,0,0,22,3,formate oxidation
Syntrophorhabdia,Bacteria,103,0,0,40,0,0,0,0,1,0,formate oxidation
Methanobacteria,Archaea,338,0,0,86,0,0,0,0,0,202,formate oxidation
Zipacnadia,Bacteria,75,0,0,18,0,0,0,0,4,26,formate oxidation
DSM-12270,Bacteria,23,0,0,12,0,0,0,0,5,0,formate oxidation
SHA-98,Bacteria,19,0,0,6,0,0,0,0,6,0,formate oxidation
Peptococcia,Bacteria,92,0,0,2,0,0,0,0,9,0,formate oxidation
UBA6099,Bacteria,11,0,0,5,0,0,0,0,4,0,formate oxidation
JAGRBM01,Bacteria,6,0,0,0,0,0,0,0,0,0,formate oxidation
UBA9217,Bacteria,54,0,0,25,0,0,0,0,25,0,formate oxidation
Caldisericia,Bacteria,94,0,1,0,0,0,0,0,0,1,formate oxidation
BCRBG_12737,Bacteria,2,0,0,0,0,0,0,0,0,0,formate oxidation
Halobacteria,Archaea,694,0,0,0,0,0,0,0,47,0,formate oxidation
MSB-5A5,Bacteria,332,0,0,0,0,0,0,0,0,0,formate oxidation
UBA8248,Bacteria,48,0,0,0,0,0,0,0,17,0,formate oxidation
Thermoprotei_A,Archaea,311,0,0,0,0,0,0,0,0,73,formate oxidation
Cloacimonadia,Bacteria,239,0,0,0,0,0,0,0,0,0,formate oxidation
2-12-FULL-45-22,Bacteria,2,0,0,0,0,0,0,0,0,0,formate oxidation
Lokiarchaeia,Archaea,132,0,0,8,0,0,0,0,2,13,formate oxidation
Thermoplasmata,Archaea,737,9,0,36,0,0,0,0,50,149,formate oxidation
SZUA-182,Bacteria,14,0,0,10,0,0,0,0,1,0,formate oxidation
Rhodothermia,Bacteria,624,0,0,0,0,0,0,0,1,0,formate oxidation
WTBG01,Bacteria,54,0,0,17,0,0,0,0,0,0,formate oxidation
G020348925,Bacteria,2,0,0,0,0,0,0,0,1,0,formate oxidation
Ozemobacteria,Bacteria,50,0,0,1,0,0,0,0,1,0,formate oxidation
Chloroflexia,Bacteria,434,5,0,3,7,0,0,7,15,0,formate oxidation
Koll11,Bacteria,956,0,0,37,0,0,0,0,5,12,formate oxidation
Coriobacteriia,Bacteria,3976,0,0,34,0,0,0,0,43,0,formate oxidation
Zhuqueibacteria,Bacteria,162,1,0,1,0,0,0,0,2,0,formate oxidation
JdFR-97,Bacteria,11,0,0,2,0,0,0,0,0,0,formate oxidation
GWA2-38-11,Bacteria,5,0,0,0,0,0,0,0,0,0,formate oxidation
BMS3Abin14,Bacteria,19,0,0,0,0,0,0,0,0,0,formate oxidation
Polarisedimenticolia,Bacteria,150,0,0,0,0,0,0,0,4,0,formate oxidation
UBA8108,Bacteria,58,0,0,0,0,0,0,0,1,0,formate oxidation
SKW154,Bacteria,10,0,0,5,0,0,0,0,4,0,formate oxidation
BCRBG_21639,Bacteria,1,0,0,0,0,0,0,0,0,1,formate oxidation
SYMT01,Bacteria,9,0,0,0,0,0,0,0,6,0,formate oxidation
B15-G4,Bacteria,44,0,0,0,0,0,0,0,6,3,formate oxidation
Thermoanaerobaculia,Bacteria,711,0,0,1,0,0,0,0,58,0,formate oxidation
Dethiobacteria,Bacteria,141,0,0,23,0,0,0,0,11,0,formate oxidation
BSN033,Bacteria,72,0,0,23,0,0,0,0,23,0,formate oxidation
QYQD01,Bacteria,10,0,0,8,0,0,0,0,0,8,formate oxidation
Moduliflexia,Bacteria,16,4,0,1,0,0,0,0,1,1,formate oxidation
Gracilibacteria,Bacteria,669,0,0,0,0,0,0,0,0,0,formate oxidation
SPIREOTU_01112900,Bacteria,5,0,0,4,0,0,0,0,1,0,formate oxidation
Campylobacteria,Bacteria,2208,1,63,0,0,0,0,0,0,0,formate oxidation
SM23-61,Bacteria,26,0,0,11,0,0,0,0,13,0,formate oxidation
JS1,Bacteria,53,0,0,0,0,0,0,0,16,0,formate oxidation
BCRBG_26299,Bacteria,3,0,0,0,0,0,0,0,1,0,formate oxidation
Thermococci,Archaea,141,0,0,6,0,0,0,0,0,37,formate oxidation
JAWCLZ01,Archaea,4,0,0,1,0,0,0,0,0,3,formate oxidation
JAHEXW01,Bacteria,6,0,0,2,0,0,0,0,0,0,formate oxidation
Fermentithermobacillia,Bacteria,34,0,0,0,0,0,0,0,3,0,formate oxidation
Geothermincolia,Bacteria,63,0,0,28,0,0,0,0,0,33,formate oxidation
Syntropharchaeia,Archaea,67,0,0,23,0,0,0,0,0,28,formate oxidation
Dissulfuribacteria,Bacteria,80,4,0,42,0,0,0,0,3,0,formate oxidation
JASEFT01,Archaea,7,0,0,0,0,0,0,0,1,2,formate oxidation
BCRBG_32896,Bacteria,4,0,0,0,0,0,0,0,0,0,formate oxidation
Fibrobacteria,Bacteria,253,0,0,0,0,0,0,0,1,0,formate oxidation
RPQS01,Bacteria,32,0,0,0,0,0,0,0,0,0,formate oxidation
PUPC01,Bacteria,32,0,0,5,0,0,0,0,1,11,formate oxidation
DSWW01,Bacteria,16,0,0,7,0,0,0,0,6,6,formate oxidation
Thermoprotei,Archaea,116,0,0,0,0,0,0,0,0,34,formate oxidation
Poseidoniia,Archaea,587,0,0,0,0,0,0,0,2,0,formate oxidation
SAR324,Bacteria,86,11,0,1,0,0,0,2,27,3,formate oxidation
Magnetococcia,Bacteria,42,0,0,0,0,0,0,0,0,0,formate oxidation
BCRBG_35300,Bacteria,1,0,0,0,0,0,0,0,0,0,formate oxidation
WVXT01,Bacteria,19,0,0,8,0,0,0,0,0,7,formate oxidation
Aquicultoria,Bacteria,29,0,0,7,0,0,0,0,2,3,formate oxidation
Bog-38,Archaea,15,0,0,1,0,0,0,0,0,10,formate oxidation
Minisyncoccia,Bacteria,3964,0,0,0,0,0,0,0,0,0,formate oxidation
GCA-001730085,Bacteria,4,0,0,0,0,0,0,0,0,0,formate oxidation
UBA9088,Bacteria,8,0,0,4,0,0,0,0,0,0,formate oxidation
JAJSAM01,Bacteria,16,1,0,0,0,0,0,0,0,12,formate oxidation
BCRBG_43526,Bacteria,2,0,0,0,0,0,0,0,2,0,formate oxidation
Elusimicrobia,Bacteria,433,0,0,0,0,0,0,0,0,0,formate oxidation
BCRBG_43749,Archaea,2,0,0,0,0,0,0,0,0,2,formate oxidation
BCRBG_44534,Bacteria,1,0,0,1,0,0,0,0,0,0,formate oxidation
QNDG01,Bacteria,52,0,0,2,0,0,0,0,4,0,formate oxidation
Hebobacteria,Bacteria,64,0,0,26,0,0,0,0,11,33,formate oxidation
B3-B38,Bacteria,19,0,0,0,0,0,0,0,2,0,formate oxidation
MWCZ01,Bacteria,8,0,0,0,0,0,0,0,2,0,formate oxidation
Altiarchaeia,Archaea,53,0,0,0,0,0,0,0,1,6,formate oxidation
Marinisomatia,Bacteria,362,0,0,0,0,0,0,0,0,0,formate oxidation
BCRBG_47423,Bacteria,1,0,0,0,0,0,0,0,1,1,formate oxidation
Sumerlaeia,Bacteria,87,0,0,2,0,0,0,0,1,1,formate oxidation
Chthonomonadetes,Bacteria,65,0,0,0,0,0,0,0,5,0,formate oxidation
UBA2968,Bacteria,132,0,0,3,0,0,0,0,3,0,formate oxidation
JAAXHH01,Bacteria,37,0,0,0,0,0,0,0,1,32,formate oxidation
UBA11872,Bacteria,70,0,0,0,0,0,0,0,24,0,formate oxidation
Patescibacteriia,Bacteria,1815,0,0,0,0,0,0,0,0,0,formate oxidation
UBA4738,Bacteria,189,0,0,0,0,0,0,2,10,0,formate oxidation
HRBIN11,Bacteria,13,0,0,0,0,0,0,0,0,0,formate oxidation
FAC87,Bacteria,50,0,0,0,0,0,0,0,0,0,formate oxidation
Desulfurellia,Bacteria,41,0,0,0,0,0,0,0,0,0,formate oxidation
Archaeoglobi,Archaea,99,0,0,25,0,0,0,0,0,30,formate oxidation
RBG-13-61-14,Bacteria,21,0,0,12,0,0,0,0,10,0,formate oxidation
EX4484-6,Archaea,26,0,0,1,0,0,0,0,6,6,formate oxidation
Microgenomatia,Bacteria,1796,0,0,0,0,0,0,0,0,0,formate oxidation
BCRBG_52289,Bacteria,1,0,0,0,0,0,0,0,1,0,formate oxidation
Latescibacteria,Bacteria,19,0,0,4,0,0,0,0,2,0,formate oxidation
Fermentibacteria,Bacteria,71,0,0,0,0,0,0,0,8,0,formate oxidation
BCRBG_53577,Bacteria,2,0,0,0,0,0,0,0,1,0,formate oxidation
Hydrothermia,Bacteria,78,0,0,0,0,0,0,0,0,0,formate oxidation
DYJV01,Bacteria,9,0,0,5,0,0,0,0,0,0,formate oxidation
Krumholzibacteriia,Bacteria,216,0,0,0,0,0,0,0,1,0,formate oxidation
Ch66,Bacteria,7,0,0,0,0,0,0,0,2,0,formate oxidation
Chlamydiia,Bacteria,586,0,0,0,0,0,0,0,0,0,formate oxidation
Heimdallarchaeia,Archaea,79,0,0,0,0,0,0,0,0,18,formate oxidation
JACQVV01,Bacteria,5,0,0,0,0,0,0,0,0,3,formate oxidation
Hydrothermarchaeia,Archaea,36,0,0,7,0,0,0,0,0,7,formate oxidation
UBA8468,Bacteria,55,0,0,12,0,0,0,0,0,13,formate oxidation
UBA6262,Bacteria,8,0,0,0,0,0,0,0,0,0,formate oxidation
Sysuimicrobiia,Bacteria,106,1,0,13,0,0,0,0,10,0,formate oxidation
SLNR01,Bacteria,5,0,0,0,0,0,0,0,0,0,formate oxidation
Ktedonobacteria,Bacteria,139,4,0,0,0,0,0,1,0,1,formate oxidation
WYAZ01,Bacteria,37,2,0,0,0,0,0,2,7,0,formate oxidation
FW602-bin22,Bacteria,26,0,0,6,0,0,0,0,4,0,formate oxidation
Chitinivibrionia,Bacteria,88,0,0,2,0,0,0,0,0,0,formate oxidation
UBA9980,Bacteria,10,0,0,0,0,0,0,0,0,0,formate oxidation
RBG-13-43-22,Bacteria,13,0,0,6,0,0,0,0,4,0,formate oxidation
Thermincolia,Bacteria,11,0,0,6,0,0,0,0,3,0,formate oxidation
TC1,Bacteria,23,0,0,0,0,0,0,0,13,0,formate oxidation
Methanocellia,Archaea,12,0,0,3,0,0,0,0,0,10,formate oxidation
SLMV01,Bacteria,11,0,0,3,0,0,0,0,4,0,formate oxidation
UBA148,Archaea,10,0,0,5,0,0,0,0,0,7,formate oxidation
JAFDED01,Bacteria,2,0,0,2,0,0,0,0,2,0,formate oxidation
BCRBG_75306,Bacteria,1,0,0,1,0,0,0,0,0,0,formate oxidation
MVCY01,Bacteria,9,0,0,1,0,0,0,0,1,0,formate oxidation
Fusobacteriia,Bacteria,226,0,0,0,0,0,0,0,5,3,formate oxidation
WOR-3,Bacteria,145,1,0,0,0,0,0,0,0,1,formate oxidation
Korarchaeia,Archaea,34,0,0,0,0,0,0,0,0,11,formate oxidation
Sulfobacillia,Bacteria,39,10,0,0,0,0,0,0,0,0,formate oxidation
Nitrososphaeria_A,Archaea,77,0,0,0,0,0,0,0,0,0,formate oxidation
Desulfitobacteriia,Bacteria,109,0,0,30,0,0,0,0,21,0,formate oxidation
PH28-bin88,Bacteria,4,0,0,2,0,0,0,0,2,0,formate oxidation
WOR-1,Bacteria,81,0,0,0,0,0,0,0,10,0,formate oxidation
GWE2-31-10,Bacteria,27,0,0,0,0,0,0,0,0,0,formate oxidation
Endomicrobiia,Bacteria,128,0,0,5,0,0,0,0,0,7,formate oxidation
Abditibacteriia,Bacteria,36,0,0,1,0,0,0,0,4,0,formate oxidation
CG2-30-40-21,Bacteria,9,0,0,7,0,0,0,0,1,1,formate oxidation
Methanonatronarchaeia,Archaea,6,0,0,0,0,0,0,0,0,4,formate oxidation
UBA995,Bacteria,13,0,0,11,0,0,0,0,10,0,formate oxidation
UBA994,Bacteria,27,0,0,0,0,0,0,0,1,0,formate oxidation
UBA2233,Bacteria,2,0,0,0,0,0,0,0,2,0,formate oxidation
UBA3569,Bacteria,1,0,0,1,0,0,0,0,1,0,formate oxidation
UBA3561,Bacteria,1,0,0,1,0,0,0,0,1,0,formate oxidation
Cyanobacteriia,Bacteria,2303,9,0,0,0,0,0,0,0,0,formate oxidation
Limnochordia,Bacteria,99,0,0,3,0,0,0,0,2,0,formate oxidation
UBA5214,Bacteria,5,0,0,3,0,0,0,0,0,3,formate oxidation
UBA6077,Bacteria,37,0,0,1,0,0,0,0,5,0,formate oxidation
UBA186,Archaea,3,0,0,0,0,0,0,0,1,2,formate oxidation
GCA-2746535,Bacteria,2,0,0,0,0,0,0,0,0,0,formate oxidation
0-14-0-80-59-12,Bacteria,3,0,0,0,0,0,0,0,0,0,formate oxidation
UBA8481,Bacteria,6,0,0,0,0,0,0,0,0,0,formate oxidation
Bradymonadia,Bacteria,210,1,0,0,0,0,0,0,1,1,formate oxidation
Symbiobacteriia,Bacteria,22,1,0,0,0,0,0,0,15,0,formate oxidation
Riflemargulisbacteria,Bacteria,13,0,0,0,0,0,0,0,0,0,formate oxidation
UBA9089,Bacteria,1,0,0,0,0,0,0,0,0,0,formate oxidation
Moorellia,Bacteria,25,0,0,5,0,0,0,0,3,0,formate oxidation
Iainarchaeia,Archaea,180,0,0,0,0,0,0,0,0,1,formate oxidation
T3Sed10-11,Bacteria,8,0,0,0,0,0,0,0,0,0,formate oxidation
NPL-UPA2,Bacteria,6,0,0,1,0,0,0,0,0,1,formate oxidation
SURF-8,Bacteria,10,0,0,3,0,0,0,0,3,0,formate oxidation
Hinthialibacteria,Bacteria,38,0,0,0,0,0,0,0,2,0,formate oxidation
JAUUWJ01,Bacteria,3,0,0,3,0,0,0,0,0,0,formate oxidation
32-111,Bacteria,17,0,0,0,0,0,0,0,0,0,formate oxidation
4484-107,Bacteria,7,0,0,2,0,0,0,0,0,1,formate oxidation
J058,Bacteria,23,0,0,0,0,0,0,0,0,0,formate oxidation
SZUA-79,Bacteria,32,0,0,0,0,0,0,0,0,0,formate oxidation
Methanoliparia,Archaea,4,0,0,2,0,0,0,0,0,2,formate oxidation
E44-bin80,Bacteria,7,0,0,0,0,0,0,0,1,0,formate oxidation
E44-bin39,Bacteria,1,0,0,1,0,0,0,0,0,1,formate oxidation
DG-26,Bacteria,6,0,0,0,0,0,0,0,1,0,formate oxidation
Nitriliruptoria,Bacteria,142,1,0,0,0,0,0,11,8,0,formate oxidation
UBA8153,Bacteria,3,0,0,2,0,0,0,0,2,0,formate oxidation
CADDZG01,Bacteria,90,3,0,0,0,0,0,1,2,0,formate oxidation
UBA8473,Bacteria,11,0,0,5,0,0,0,0,2,0,formate oxidation
Dehalobacteriia,Bacteria,85,0,0,2,0,0,0,0,3,0,formate oxidation
Xenobia,Bacteria,55,0,0,0,0,0,0,0,0,0,formate oxidation
UBA7883,Bacteria,36,0,0,0,0,0,0,0,0,0,formate oxidation
UBA890,Bacteria,25,0,0,0,0,0,0,0,2,0,formate oxidation
Lernaellaia,Bacteria,19,0,0,1,0,0,0,0,1,0,formate oxidation
B64-G9,Bacteria,22,0,0,1,0,0,0,0,1,0,formate oxidation
DUSP01,Bacteria,4,0,0,2,0,0,0,0,2,0,formate oxidation
WGA-4E,Bacteria,245,0,0,4,0,0,0,0,1,4,formate oxidation
DTXE01,Bacteria,2,0,0,1,0,0,0,0,0,1,formate oxidation
JAADFL01,Bacteria,2,0,0,2,0,0,0,0,2,0,formate oxidation
Uabimicrobiia,Bacteria,9,0,0,0,0,0,0,0,1,0,formate oxidation
Rubrobacteria,Bacteria,83,6,0,0,0,0,0,0,3,0,formate oxidation
CG03,Bacteria,8,0,0,1,0,0,0,0,1,2,formate oxidation
JACIYH01,Bacteria,4,0,0,3,0,0,0,0,3,0,formate oxidation
Methanomethylicia,Archaea,58,0,0,2,0,0,0,0,0,2,formate oxidation
UBA5301,Bacteria,8,0,0,2,0,0,0,0,3,0,formate oxidation
Anaeroferrophillalia,Bacteria,24,0,0,9,0,0,0,0,0,0,formate oxidation
JACPFL01,Bacteria,1,0,0,0,0,0,0,0,1,0,formate oxidation
JACPQY01,Bacteria,2,0,0,0,0,0,0,0,0,0,formate oxidation
JACPUC01,Bacteria,1,0,0,0,0,0,0,0,1,0,formate oxidation
JAAZEB01,Bacteria,4,0,0,1,0,0,0,0,1,1,formate oxidation
SW-10-69-26,Archaea,16,0,0,0,0,0,0,0,1,4,formate oxidation
JACQYL01,Bacteria,5,0,0,2,0,0,0,0,0,0,formate oxidation
JACRHL01,Bacteria,6,1,0,0,0,0,0,0,4,0,formate oxidation
UBA8919,Bacteria,12,0,0,3,0,0,0,0,0,3,formate oxidation
SpSt-1050,Bacteria,8,0,0,1,0,0,0,0,0,0,formate oxidation
Deferrimicrobia,Bacteria,82,0,0,0,0,0,0,0,0,0,formate oxidation
Dormibacteria,Bacteria,285,4,0,0,0,0,0,0,2,0,formate oxidation
Bacteriovoracia,Bacteria,374,0,0,0,0,0,0,0,1,0,formate oxidation
JAENJC01,Bacteria,4,0,0,2,0,0,0,0,1,0,formate oxidation
DTKX01,Archaea,19,0,0,4,0,0,0,0,7,10,formate oxidation
B13-G15,Bacteria,25,0,0,6,0,0,0,0,0,0,formate oxidation
SDB-A,Bacteria,6,0,0,0,0,0,0,0,0,0,formate oxidation
JAFGSJ01,Bacteria,1,0,0,0,0,0,0,0,0,0,formate oxidation
JAHJIN01,Bacteria,3,0,0,2,0,0,0,0,2,0,formate oxidation
JAHJRX01,Bacteria,2,0,0,2,0,0,0,0,0,0,formate oxidation
UBA2242,Bacteria,48,0,0,0,0,0,0,0,0,0,formate oxidation
Deferribacteres,Bacteria,71,0,0,0,0,0,0,0,0,0,formate oxidation
Glassbacteria,Bacteria,15,0,0,0,0,0,0,0,1,0,formate oxidation
Kapaibacteriia,Bacteria,357,0,0,0,0,0,0,0,0,0,formate oxidation
DSM-16504,Bacteria,7,0,0,1,0,0,0,0,1,0,formate oxidation
G020349885,Bacteria,1,0,0,0,0,0,0,0,0,0,formate oxidation
UBA4820,Bacteria,32,0,0,0,0,0,0,0,0,0,formate oxidation
DVGY01,Bacteria,1,0,0,0,0,0,0,0,0,0,formate oxidation
DYFQ01,Bacteria,1,0,0,1,0,0,0,0,1,0,formate oxidation
JADLDR01,Bacteria,1,0,0,0,0,0,0,0,1,0,formate oxidation
XYA12-FULL-58-9,Bacteria,36,0,0,0,0,0,0,0,1,0,formate oxidation
AUK180,Bacteria,7,0,0,0,0,0,0,0,0,0,formate oxidation
B47-G6,Archaea,2,0,0,0,0,0,0,0,0,2,formate oxidation
UBA5177,Bacteria,26,1,0,0,0,0,0,0,1,0,formate oxidation
UBA5829,Bacteria,66,0,0,3,0,0,0,0,4,1,formate oxidation
Thermodesulfobiia,Bacteria,5,4,0,0,0,0,0,0,4,0,formate oxidation
JACRHJ01,Bacteria,8,0,0,7,0,0,0,0,4,0,formate oxidation
Vampirovibrionia,Bacteria,1135,0,0,0,0,0,0,0,0,0,formate oxidation
JAJYWN01,Bacteria,5,0,0,5,0,0,0,0,3,0,formate oxidation
JAJZYS01,Bacteria,17,0,0,0,0,0,0,0,0,0,formate oxidation
JAJZIM01,Bacteria,2,0,0,1,0,0,0,0,0,0,formate oxidation
GWC2-55-46,Bacteria,91,0,0,0,0,0,0,0,0,0,formate oxidation
GCA-003054495,Bacteria,4,0,0,1,0,0,0,0,2,0,formate oxidation
UBA4055,Bacteria,18,0,0,0,0,0,0,0,0,0,formate oxidation
UBA2235,Bacteria,25,0,0,0,0,0,0,0,0,0,formate oxidation
Ignavibacteria,Bacteria,600,0,0,0,0,0,0,0,0,0,formate oxidation
CAKKQC01,Bacteria,7,0,0,2,0,0,0,0,2,0,formate oxidation
JAMCWA01,Bacteria,2,0,0,2,0,0,0,0,2,0,formate oxidation
JAMCWD01,Bacteria,1,0,0,1,0,0,0,0,1,0,formate oxidation
JAIMBG01,Bacteria,2,0,0,2,0,0,0,0,1,0,formate oxidation
JAIMAT01,Bacteria,3,0,0,0,0,0,0,0,0,0,formate oxidation
JAJRXV01,Bacteria,2,0,0,1,0,0,0,0,0,0,formate oxidation
JAJRWM01,Bacteria,1,0,0,1,0,0,0,0,0,0,formate oxidation
JANLFM01,Bacteria,12,0,0,0,0,0,0,0,0,0,formate oxidation
HRBIN17,Bacteria,23,0,0,4,0,0,0,0,0,0,formate oxidation
Coprothermobacteria,Bacteria,6,0,0,0,0,0,0,0,0,0,formate oxidation
CAIJMQ01,Bacteria,14,0,0,3,0,0,0,0,0,3,formate oxidation
Desulfofervidia,Bacteria,10,0,2,0,0,0,0,0,0,3,formate oxidation
Methanopyri,Archaea,6,0,0,5,0,0,0,0,0,5,formate oxidation
Aquificia,Bacteria,192,0,4,0,0,0,0,0,0,0,formate oxidation
JAQUKH01,Bacteria,2,0,0,2,0,0,0,0,0,0,formate oxidation
JACOTG01,Bacteria,8,0,0,0,0,0,0,0,0,0,formate oxidation
JAAYUB01,Bacteria,13,0,0,0,0,0,0,0,0,0,formate oxidation
Thermoanaerobacteria,Bacteria,41,0,0,2,0,0,0,0,1,0,formate oxidation
JASEIO01,Bacteria,1,0,0,0,0,0,0,0,0,0,formate oxidation
JASEGY01,Bacteria,3,0,0,3,0,0,0,0,0,0,formate oxidation
CALGFH01,Bacteria,36,1,0,0,0,0,0,0,3,0,formate oxidation
Oligoflexia,Bacteria,180,0,0,0,0,0,0,0,1,0,formate oxidation
JASUSC01,Bacteria,1,0,0,0,0,0,0,0,0,0,formate oxidation
CAJVYJ01,Bacteria,13,0,0,5,0,0,0,0,0,0,formate oxidation
Joyebacteria,Bacteria,31,0,0,0,0,0,0,0,0,0,formate oxidation
JAUVYG01,Bacteria,1,0,0,1,0,0,0,0,1,0,formate oxidation
JAUVQV01,Bacteria,6,0,0,1,0,0,0,0,1,0,formate oxidation
UBA7526,Bacteria,4,0,0,0,0,0,0,0,0,0,formate oxidation
JAUXIQ01,Bacteria,2,0,0,0,0,0,0,0,0,0,formate oxidation
JAGLSM01,Bacteria,6,0,0,0,0,0,0,0,0,0,formate oxidation
JAUYEG01,Bacteria,7,0,0,2,0,0,0,0,4,0,formate oxidation
JAUYEF01,Bacteria,2,0,0,0,0,0,0,0,0,0,formate oxidation
JACPSX01,Bacteria,2,0,0,0,0,0,0,0,0,0,formate oxidation
DATKYB01,Bacteria,3,0,0,0,0,0,0,0,0,0,formate oxidation
DG-23,Bacteria,14,0,0,1,0,0,0,0,0,3,formate oxidation
DASYRF01,Bacteria,1,0,0,0,0,0,0,0,0,0,formate oxidation
DASVDK01,Bacteria,2,0,0,0,0,0,0,0,1,0,formate oxidation
DASWHO01,Bacteria,1,0,0,0,0,0,0,0,0,0,formate oxidation
Sericytochromatia,Bacteria,49,0,0,0,0,0,0,0,1,0,formate oxidation
HKB111,Bacteria,4,0,0,2,0,0,0,0,0,0,formate oxidation
D2-FULL-39-29,Bacteria,13,0,0,1,0,0,0,0,0,1,formate oxidation
Aenigmatarchaeia,Archaea,321,0,0,0,0,0,0,0,0,0,formate oxidation
JBCCFW01,Bacteria,3,0,0,0,0,0,0,0,0,0,formate oxidation
JACRCW01,Bacteria,3,0,0,0,0,0,0,0,0,0,formate oxidation
JBFMBV01,Bacteria,1,0,0,1,0,0,0,0,1,0,formate oxidation
JAICYB01,Bacteria,13,0,0,0,0,0,0,0,0,0,formate oxidation
DULZ01,Bacteria,4,0,0,0,0,0,0,0,1,0,formate oxidation
CADDZV01,Bacteria,3,0,0,0,0,0,0,0,0,0,formate oxidation
CAIWXX01,Bacteria,3,0,0,0,0,0,0,0,0,0,formate oxidation
9FT-COMBO-42-15,Bacteria,16,0,0,0,0,0,0,0,0,0,formate oxidation
RBG-16-64-22,Bacteria,3,0,0,0,0,0,0,0,0,0,formate oxidation
Erginobacteria,Bacteria,19,0,0,1,0,0,0,0,0,0,formate oxidation
PGYV01,Bacteria,25,0,0,0,0,0,0,0,0,0,formate oxidation
CALKMS01,Bacteria,11,0,0,1,0,0,0,0,0,0,formate oxidation
Z-2901,Bacteria,4,0,0,2,0,0,0,0,2,0,formate oxidation
Natranaerobiia,Bacteria,6,0,0,1,0,0,0,0,2,0,formate oxidation
Chrysiogenetes,Bacteria,3,0,0,0,0,0,0,0,0,0,formate oxidation
KKC1,Bacteria,1,0,0,1,0,0,0,0,0,0,formate oxidation
Armatimonadia,Bacteria,82,0,0,0,0,0,0,0,1,0,formate oxidation
GOMCOTU_12316,Bacteria,1,0,0,0,0,0,0,0,0,0,formate oxidation
SPECIV4_29685,Bacteria,6,0,0,3,0,0,0,0,2,0,formate oxidation
JADGBV01,Bacteria,7,0,0,0,0,0,0,0,0,0,formate oxidation
MOTU40_019828,Bacteria,1,0,0,1,0,0,0,0,0,0,formate oxidation
Nanobdellia,Archaea,1265,0,0,0,0,0,0,0,0,0,formate oxidation
SPIREOTU_01106000,Bacteria,3,0,0,0,0,0,0,0,0,1,formate oxidation
BCRBG_11297,Bacteria,3,0,0,1,0,0,0,0,0,0,formate oxidation
AABM5-125-24,Bacteria,19,0,0,0,0,0,0,0,0,0,formate oxidation
DAOVMN01,Archaea,6,0,0,0,0,0,0,0,1,1,formate oxidation
MOTU40_065870,Bacteria,1,0,0,1,0,0,0,0,0,0,formate oxidation
Saccharimonadia,Bacteria,3696,0,0,0,0,0,0,0,0,0,formate oxidation
JAWSUQ01,Bacteria,4,0,0,2,0,0,0,0,1,0,formate oxidation
JABMQX01,Bacteria,15,0,0,1,0,0,0,0,0,0,formate oxidation
DASRZA01,Bacteria,3,0,0,0,0,0,0,0,0,0,formate oxidation
SPIREOTU_00098093,Bacteria,2,0,0,0,0,0,0,0,0,0,formate oxidation
SPECIV4_06449,Bacteria,1,0,0,0,0,0,0,0,0,0,formate oxidation
UBA1551,Bacteria,3,0,0,1,0,0,0,0,0,1,formate oxidation
SPECIV4_29630,Bacteria,1,0,0,0,0,0,0,0,0,0,formate oxidation
SPIREOTU_00055193,Bacteria,1,0,0,0,0,0,0,0,0,0,formate oxidation
SPIREOTU_00057398,Bacteria,2,0,0,1,0,0,0,0,1,0,formate oxidation
Calescibacteriia,Bacteria,9,0,0,0,0,0,0,0,0,0,formate oxidation
SPIREOTU_00098978,Bacteria,2,0,0,0,0,0,0,0,0,1,formate oxidation
JALVIU01,Bacteria,2,0,0,0,0,0,0,0,1,0,formate oxidation
JAGHAJ01,Bacteria,2,0,0,0,0,0,0,0,0,0,formate oxidation
Thorarchaeia,Archaea,85,0,0,0,0,0,0,0,0,1,formate oxidation
Methanococci,Archaea,41,0,0,1,0,0,0,0,0,1,formate oxidation
Mcinerneyibacteria,Bacteria,11,0,0,0,0,0,0,0,1,0,formate oxidation
Bdellovibrionia,Bacteria,451,0,0,0,0,0,0,0,0,0,formate oxidation
JAFGKV01,Bacteria,4,0,0,0,0,0,0,0,0,0,formate oxidation
SPIREOTU_01111303,Bacteria,3,0,0,0,0,0,0,0,1,0,formate oxidation
SM23-31,Bacteria,9,0,0,0,0,0,0,0,0,0,formate oxidation
UBA10030,Bacteria,301,0,0,0,0,0,0,0,0,0,formate oxidation
SPIREOTU_01283629,Bacteria,1,0,0,1,0,0,0,0,0,1,formate oxidation
SPIREOTU_01326373,Bacteria,1,0,0,1,0,0,0,0,0,1,formate oxidation
DTPJ01,Bacteria,10,0,0,1,0,0,0,0,1,1,formate oxidation
SPIREOTU_01584665,Bacteria,1,0,0,0,0,0,0,0,0,0,formate oxidation
UBA1144,Bacteria,132,0,0,0,0,0,0,0,0,0,formate oxidation
UBA2361,Bacteria,172,0,0,0,0,0,0,0,0,0,formate oxidation
Jordiarchaeia,Archaea,12,0,0,1,0,0,0,0,0,1,formate oxidation
JAUVJM01,Bacteria,6,0,0,0,0,0,0,0,0,1,formate oxidation
SPIREOTU_02087814,Bacteria,3,0,0,2,0,0,0,0,0,2,formate oxidation
JAKEIC01,Bacteria,3,0,0,1,0,0,0,0,1,1,formate oxidation
GCA-2686955,Bacteria,5,0,0,0,0,0,0,0,0,0,formate oxidation
Alphaproteobacteria,Bacteria,21830,122,0,0,0,0,0,274,137,1,methanol oxidation
Gammaproteobacteria,Bacteria,28702,85,0,0,0,0,0,86,67,236,methanol oxidation
Methylomirabilia,Bacteria,277,1,0,0,0,0,0,0,0,0,methanol oxidation
Actinomycetes,Bacteria,13479,0,0,0,0,0,0,0,0,0,methanol oxidation
