genome_id	class	domain	n_genomes	CBB	rTCA	WL	3HP	3HP/4HB	DC/4HB	Serine Cycle	Reductive Glycine Pathway	RuMP	electron_donor
GB_GCA_002779395.1	0-14-0-80-59-12	Bacteria	3	0	0	0	0	0	0	0	0	0	formate oxidation
GB_GCA_001803565.1	2-12-FULL-45-22	Bacteria	2	0	0	0	0	0	0	0	0	0	CO oxidation
GB_GCA_001803565.1	2-12-FULL-45-22	Bacteria	2	0	0	0	0	0	0	0	0	0	formate oxidation
GB_GCA_001508335.1	32-111	Bacteria	17	0	0	0	0	0	0	0	0	0	formate oxidation
GB_GCA_002059205.1	4484-107	Bacteria	7	0	0	2	0	0	0	0	0	1	H2 oxidation
GB_GCA_002059205.1	4484-107	Bacteria	7	0	0	1	0	0	0	0	0	0	sulfide oxidation
GB_GCA_002059205.1	4484-107	Bacteria	7	0	0	2	0	0	0	0	0	1	formate oxidation
GB_GCA_002050035.1	4484-113	Bacteria	26	0	0	0	0	0	0	0	0	0	H2 oxidation
GB_GCA_002050035.1	4484-113	Bacteria	26	0	0	0	0	0	0	0	0	0	sulfide oxidation
GB_GCA_002084765.1	4572-55	Bacteria	5	0	0	0	0	0	0	0	0	0	H2 oxidation
GB_GCA_002084765.1	4572-55	Bacteria	5	0	0	0	0	0	0	0	0	0	sulfide oxidation
GB_GCA_001803815.1	9FT-COMBO-42-15	Bacteria	16	0	0	2	0	0	0	0	1	0	H2 oxidation
GB_GCA_001803815.1	9FT-COMBO-42-15	Bacteria	16	0	0	3	0	0	0	0	4	0	sulfide oxidation
GB_GCA_001803815.1	9FT-COMBO-42-15	Bacteria	16	0	0	0	0	0	0	0	0	0	formate oxidation
GB_GCA_002127415.1	AABM5-125-24	Bacteria	19	0	0	0	0	0	0	0	0	0	H2 oxidation
GB_GCA_002127415.1	AABM5-125-24	Bacteria	19	0	0	0	0	0	0	0	0	0	sulfide oxidation
GB_GCA_002127415.1	AABM5-125-24	Bacteria	19	0	0	0	0	0	0	0	0	0	sulfite oxidation
GB_GCA_002127415.1	AABM5-125-24	Bacteria	19	0	0	0	0	0	0	0	0	0	formate oxidation
GB_GCA_001509335.1	AB16	Bacteria	30	0	0	0	0	0	0	0	5	0	H2 oxidation
GB_GCA_001509335.1	AB16	Bacteria	30	0	0	0	0	0	0	0	3	0	sulfide oxidation
GB_GCA_005883175.1	AC-67	Bacteria	15	0	0	0	0	0	0	0	0	0	H2 oxidation
GB_GCA_005883175.1	AC-67	Bacteria	15	2	0	0	0	0	0	0	0	0	sulfide oxidation
GB_GCA_005883175.1	AC-67	Bacteria	15	0	0	0	0	0	0	0	0	0	CO oxidation
GB_GCA_001777915.1	AC1	Bacteria	21	0	0	0	0	0	0	0	0	0	H2 oxidation
GB_GCA_020431545.1	ARS69	Bacteria	9	0	0	0	0	0	0	0	0	0	H2 oxidation
GB_GCA_020431545.1	ARS69	Bacteria	9	0	0	0	0	0	0	0	0	0	sulfide oxidation
GB_GCA_021162505.1	AUK180	Bacteria	7	0	0	0	0	0	0	0	0	0	formate oxidation
GB_GCA_001872605.1	Abditibacteriia	Bacteria	36	0	0	0	0	0	0	0	0	0	H2 oxidation
GB_GCA_001872605.1	Abditibacteriia	Bacteria	36	0	0	0	0	0	0	0	2	0	sulfide oxidation
GB_GCA_001872605.1	Abditibacteriia	Bacteria	36	0	0	0	0	0	0	0	1	0	sulfite oxidation
GB_GCA_001872605.1	Abditibacteriia	Bacteria	36	0	0	1	0	0	0	0	4	0	formate oxidation
GB_GCA_000817085.1	Acidimicrobiia	Bacteria	3148	51	0	1	0	0	0	49	70	2	H2 oxidation
GB_GCA_000817085.1	Acidimicrobiia	Bacteria	3148	79	0	4	0	0	0	164	320	2	sulfide oxidation
GB_GCA_000817085.1	Acidimicrobiia	Bacteria	3148	0	0	0	0	0	0	1	4	0	sulfite oxidation
GB_GCA_000817085.1	Acidimicrobiia	Bacteria	3148	96	0	1	0	0	0	333	578	1	CO oxidation
GB_GCA_000817085.1	Acidimicrobiia	Bacteria	3148	51	0	4	0	0	0	50	124	0	formate oxidation
GB_GCA_000014925.1	Actinomycetes	Bacteria	13479	407	0	0	0	0	0	149	282	130	H2 oxidation
GB_GCA_000014925.1	Actinomycetes	Bacteria	13479	331	0	0	0	0	0	212	752	321	sulfide oxidation
GB_GCA_000014925.1	Actinomycetes	Bacteria	13479	0	0	0	0	0	0	0	0	0	sulfite oxidation
GB_GCA_000014925.1	Actinomycetes	Bacteria	13479	535	0	0	0	0	0	286	875	252	CO oxidation
GB_GCA_000014925.1	Actinomycetes	Bacteria	13479	338	0	0	0	0	0	207	775	194	formate oxidation
GB_GCA_000014925.1	Actinomycetes	Bacteria	13479	0	0	0	0	0	0	0	0	0	methanol oxidation
GB_GCA_000402295.1	Aerophobia	Bacteria	36	0	0	14	0	0	0	0	12	19	H2 oxidation
GB_GCA_000402295.1	Aerophobia	Bacteria	36	0	0	2	0	0	0	0	2	2	sulfide oxidation
GB_GCA_000402295.1	Aerophobia	Bacteria	36	0	0	11	0	0	0	0	11	23	formate oxidation
GB_GCA_000012145.1	Alphaproteobacteria	Bacteria	21830	820	0	0	0	0	0	400	748	13	H2 oxidation
GB_GCA_000012145.1	Alphaproteobacteria	Bacteria	21830	1223	0	0	0	0	0	1037	3058	21	sulfide oxidation
GB_GCA_000012145.1	Alphaproteobacteria	Bacteria	21830	829	0	0	0	0	0	973	4126	35	sulfite oxidation
GB_GCA_000012145.1	Alphaproteobacteria	Bacteria	21830	1616	0	0	0	0	0	1402	5807	49	CO oxidation
GB_GCA_000012145.1	Alphaproteobacteria	Bacteria	21830	1977	0	0	0	0	0	1979	6728	51	formate oxidation
GB_GCA_000012145.1	Alphaproteobacteria	Bacteria	21830	122	0	0	0	0	0	274	137	1	methanol oxidation
GB_GCA_000493965.1	Aminicenantia	Bacteria	422	0	0	19	0	0	0	0	26	0	H2 oxidation
GB_GCA_000493965.1	Aminicenantia	Bacteria	422	0	0	9	0	0	0	0	23	0	sulfide oxidation
GB_GCA_000493965.1	Aminicenantia	Bacteria	422	0	0	0	0	0	0	0	0	0	sulfite oxidation
GB_GCA_000493965.1	Aminicenantia	Bacteria	422	0	0	6	0	0	0	0	21	0	formate oxidation
GB_GCA_011042595.1	Anaeroferrophillalia	Bacteria	24	0	0	5	0	0	0	0	0	0	H2 oxidation
GB_GCA_011042595.1	Anaeroferrophillalia	Bacteria	24	0	0	1	0	0	0	0	0	0	sulfide oxidation
GB_GCA_011042595.1	Anaeroferrophillalia	Bacteria	24	0	0	9	0	0	0	0	0	0	formate oxidation
GB_GCA_001508595.1	Anaerolineae	Bacteria	2860	87	0	227	0	0	0	1	575	82	H2 oxidation
GB_GCA_001508595.1	Anaerolineae	Bacteria	2860	90	0	265	0	0	0	1	576	46	sulfide oxidation
GB_GCA_001508595.1	Anaerolineae	Bacteria	2860	2	0	3	0	0	0	0	10	1	sulfite oxidation
GB_GCA_001508595.1	Anaerolineae	Bacteria	2860	87	0	192	0	0	0	1	490	108	CO oxidation
GB_GCA_001508595.1	Anaerolineae	Bacteria	2860	107	0	428	0	0	0	1	818	109	formate oxidation
GB_GCA_001817055.1	Andersenbacteria	Bacteria	57	0	0	0	0	0	0	0	0	0	sulfide oxidation
GB_GCA_001767575.1	Aquicultoria	Bacteria	29	0	0	7	0	0	0	0	4	0	H2 oxidation
GB_GCA_001767575.1	Aquicultoria	Bacteria	29	0	0	13	0	0	0	0	8	0	sulfide oxidation
GB_GCA_001767575.1	Aquicultoria	Bacteria	29	0	0	7	0	0	0	0	2	3	formate oxidation
GB_GCA_002341805.1	Aquificia	Bacteria	192	0	58	0	0	0	0	0	0	0	H2 oxidation
GB_GCA_002341805.1	Aquificia	Bacteria	192	0	66	0	0	0	0	0	0	0	sulfide oxidation
GB_GCA_002341805.1	Aquificia	Bacteria	192	0	0	0	0	0	0	0	0	0	sulfite oxidation
GB_GCA_002341805.1	Aquificia	Bacteria	192	0	4	0	0	0	0	0	0	0	CO oxidation
GB_GCA_002341805.1	Aquificia	Bacteria	192	0	4	0	0	0	0	0	0	0	formate oxidation
GB_GCA_023132135.1	Arandabacteria	Bacteria	23	0	0	0	0	0	0	0	0	0	H2 oxidation
GB_GCA_023132135.1	Arandabacteria	Bacteria	23	0	0	2	0	0	0	0	0	0	formate oxidation
GB_GCA_003134215.1	Armatimonadia	Bacteria	82	0	0	0	0	0	0	0	3	0	H2 oxidation
GB_GCA_003134215.1	Armatimonadia	Bacteria	82	0	0	0	0	0	0	0	2	0	sulfide oxidation
GB_GCA_003134215.1	Armatimonadia	Bacteria	82	0	0	0	0	0	0	0	1	0	formate oxidation
GB_GCA_003599815.1	Auribacteria	Bacteria	6	0	0	0	0	0	0	0	0	0	H2 oxidation
GB_GCA_003644325.1	B129-G9	Bacteria	7	0	0	0	0	0	0	0	0	0	H2 oxidation
GB_GCA_003644325.1	B129-G9	Bacteria	7	0	0	1	0	0	0	0	1	0	formate oxidation
GB_GCA_001797745.1	B13-G15	Bacteria	25	0	0	0	0	0	0	0	1	0	sulfite oxidation
GB_GCA_001797745.1	B13-G15	Bacteria	25	0	0	6	0	0	0	0	0	0	formate oxidation
GB_GCA_003647755.1	B130-G9	Bacteria	8	0	0	0	0	0	0	0	0	0	H2 oxidation
GB_GCA_003647755.1	B130-G9	Bacteria	8	0	0	0	0	0	0	0	0	0	formate oxidation
GB_GCA_003644275.1	B143-G9	Bacteria	2	0	0	0	0	0	0	0	0	0	H2 oxidation
GB_GCA_009691715.1	B15-G4	Bacteria	44	0	0	0	0	0	0	0	1	0	H2 oxidation
GB_GCA_009691715.1	B15-G4	Bacteria	44	0	0	0	0	0	0	0	0	1	sulfide oxidation
GB_GCA_009691715.1	B15-G4	Bacteria	44	0	0	0	0	0	0	0	1	0	sulfite oxidation
GB_GCA_009691715.1	B15-G4	Bacteria	44	0	0	0	0	0	0	0	6	3	formate oxidation
GB_GCA_005223145.1	B3-B38	Bacteria	19	0	0	0	0	0	0	0	0	0	H2 oxidation
GB_GCA_005223145.1	B3-B38	Bacteria	19	0	0	0	0	0	0	0	0	0	sulfite oxidation
GB_GCA_005223145.1	B3-B38	Bacteria	19	0	0	0	0	0	0	0	2	0	formate oxidation
GB_GCA_003599535.1	B3-LCP	Bacteria	11	0	0	1	0	0	0	0	0	0	H2 oxidation
GB_GCA_003599535.1	B3-LCP	Bacteria	11	0	0	3	0	0	0	0	0	0	sulfide oxidation
GB_GCA_003645695.1	B62-G9	Bacteria	26	0	0	16	0	0	0	0	16	7	H2 oxidation
GB_GCA_003645695.1	B62-G9	Bacteria	26	0	0	2	0	0	0	0	2	3	sulfide oxidation
GB_GCA_003645695.1	B62-G9	Bacteria	26	0	0	1	0	0	0	0	1	1	CO oxidation
GB_GCA_003645695.1	B62-G9	Bacteria	26	0	0	15	0	0	0	0	16	6	formate oxidation
GB_GCA_003647095.1	B64-G9	Bacteria	22	0	0	1	0	0	0	0	1	0	H2 oxidation
GB_GCA_003647095.1	B64-G9	Bacteria	22	0	0	1	0	0	0	0	1	0	sulfide oxidation
GB_GCA_003647095.1	B64-G9	Bacteria	22	0	0	1	0	0	0	0	1	0	formate oxidation
GB_GCA_002897695.1	BMS3Abin14	Bacteria	19	0	0	0	0	0	0	0	0	0	sulfide oxidation
GB_GCA_002897695.1	BMS3Abin14	Bacteria	19	0	0	0	0	0	0	0	0	0	formate oxidation
GB_GCA_001798855.1	BSN033	Bacteria	72	0	0	1	0	0	0	0	0	0	H2 oxidation
GB_GCA_001798855.1	BSN033	Bacteria	72	0	0	4	0	0	0	0	2	0	sulfite oxidation
GB_GCA_001798855.1	BSN033	Bacteria	72	0	0	1	0	0	0	0	1	0	CO oxidation
GB_GCA_001798855.1	BSN033	Bacteria	72	0	0	23	0	0	0	0	23	0	formate oxidation
GB_GCA_000069925.1	Bacilli	Bacteria	10436	4	0	0	0	0	0	0	6	33	H2 oxidation
GB_GCA_000069925.1	Bacilli	Bacteria	10436	9	0	0	0	0	0	0	7	139	sulfide oxidation
GB_GCA_000069925.1	Bacilli	Bacteria	10436	0	0	0	0	0	0	0	0	0	sulfite oxidation
GB_GCA_000069925.1	Bacilli	Bacteria	10436	5	0	0	0	0	0	0	2	98	CO oxidation
GB_GCA_000069925.1	Bacilli	Bacteria	10436	8	0	0	0	0	0	0	21	614	formate oxidation
GB_GCA_001769855.1	Bacteriovoracia	Bacteria	374	0	0	0	0	0	0	0	3	0	H2 oxidation
GB_GCA_001769855.1	Bacteriovoracia	Bacteria	374	0	0	0	0	0	0	0	4	0	sulfide oxidation
GB_GCA_001769855.1	Bacteriovoracia	Bacteria	374	0	0	0	0	0	0	0	1	0	formate oxidation
GB_GCA_000023725.1	Bacteroidia	Bacteria	26963	10	5	16	0	0	0	1	1146	14	H2 oxidation
GB_GCA_000023725.1	Bacteroidia	Bacteria	26963	18	6	11	0	0	0	1	2278	62	sulfide oxidation
GB_GCA_000023725.1	Bacteroidia	Bacteria	26963	1	0	0	0	0	0	0	3	0	sulfite oxidation
GB_GCA_000023725.1	Bacteroidia	Bacteria	26963	7	0	0	0	0	0	0	211	9	CO oxidation
GB_GCA_000023725.1	Bacteroidia	Bacteria	26963	12	3	1	0	0	0	1	1322	4	formate oxidation
GB_GCA_000525675.1	Bdellovibrionia	Bacteria	451	0	0	0	0	0	0	0	2	0	H2 oxidation
GB_GCA_000525675.1	Bdellovibrionia	Bacteria	451	0	0	0	0	0	0	0	5	0	sulfide oxidation
GB_GCA_000525675.1	Bdellovibrionia	Bacteria	451	0	0	0	0	0	0	0	0	0	formate oxidation
GB_GCA_001798455.1	Binatia	Bacteria	484	4	0	0	0	0	0	1	11	0	H2 oxidation
GB_GCA_001798455.1	Binatia	Bacteria	484	5	0	0	0	0	0	0	39	2	sulfide oxidation
GB_GCA_001798455.1	Binatia	Bacteria	484	0	0	0	0	0	0	0	9	0	sulfite oxidation
GB_GCA_001798455.1	Binatia	Bacteria	484	5	0	0	0	0	0	6	79	2	CO oxidation
GB_GCA_001798455.1	Binatia	Bacteria	484	3	0	0	0	0	0	8	62	1	formate oxidation
GB_GCA_001508155.1	Bipolaricaulia	Bacteria	212	0	2	32	0	0	0	0	25	0	H2 oxidation
GB_GCA_001508155.1	Bipolaricaulia	Bacteria	212	0	0	7	0	0	0	0	10	1	sulfide oxidation
GB_GCA_001508155.1	Bipolaricaulia	Bacteria	212	0	0	0	0	0	0	0	0	0	sulfite oxidation
GB_GCA_001508155.1	Bipolaricaulia	Bacteria	212	0	0	0	0	0	0	0	0	0	CO oxidation
GB_GCA_001508155.1	Bipolaricaulia	Bacteria	212	0	0	55	0	0	0	0	54	3	formate oxidation
GB_GCA_025774205.1	Blakebacteria	Bacteria	10	0	0	0	0	0	0	0	2	0	H2 oxidation
GB_GCA_025774205.1	Blakebacteria	Bacteria	10	0	0	0	0	0	0	0	1	0	sulfide oxidation
GB_GCA_001464455.1	Blastocatellia	Bacteria	1013	3	0	0	0	0	0	0	5	0	H2 oxidation
GB_GCA_001464455.1	Blastocatellia	Bacteria	1013	3	0	0	0	0	0	0	7	0	sulfide oxidation
GB_GCA_001464455.1	Blastocatellia	Bacteria	1013	1	0	0	0	0	0	1	1	0	CO oxidation
GB_GCA_001464455.1	Blastocatellia	Bacteria	1013	1	0	0	0	0	0	0	6	0	formate oxidation
GB_GCA_008016535.1	Brachyspiria	Bacteria	49	0	0	0	0	0	0	0	0	0	H2 oxidation
GB_GCA_008016535.1	Brachyspiria	Bacteria	49	0	0	0	0	0	0	0	0	0	sulfide oxidation
GB_GCA_002309015.1	Bradymonadia	Bacteria	210	0	0	0	0	0	0	0	1	0	H2 oxidation
GB_GCA_002309015.1	Bradymonadia	Bacteria	210	1	0	0	0	0	0	0	1	1	sulfide oxidation
GB_GCA_002309015.1	Bradymonadia	Bacteria	210	1	0	0	0	0	0	0	1	1	formate oxidation
GB_GCA_001829395.1	Brevinematia	Bacteria	29	0	0	0	0	0	0	0	0	0	H2 oxidation
GB_GCA_000296795.1	Brocadiia	Bacteria	129	1	0	16	0	0	0	0	8	20	H2 oxidation
GB_GCA_000296795.1	Brocadiia	Bacteria	129	0	0	14	0	0	0	0	12	15	sulfide oxidation
GB_GCA_000296795.1	Brocadiia	Bacteria	129	1	0	74	0	0	0	0	54	85	formate oxidation
GB_GCA_024409025.1	CADAWZ01	Bacteria	13	0	0	0	0	0	0	0	1	0	H2 oxidation
GB_GCA_024409025.1	CADAWZ01	Bacteria	13	0	0	0	0	0	0	0	3	0	formate oxidation
GB_GCA_009377815.1	CADDZG01	Bacteria	90	18	0	0	0	0	0	4	3	0	H2 oxidation
GB_GCA_009377815.1	CADDZG01	Bacteria	90	5	0	0	0	0	0	2	0	0	sulfide oxidation
GB_GCA_009377815.1	CADDZG01	Bacteria	90	19	0	0	0	0	0	2	4	0	CO oxidation
GB_GCA_009377815.1	CADDZG01	Bacteria	90	3	0	0	0	0	0	1	2	0	formate oxidation
GB_GCA_902812875.1	CADDZV01	Bacteria	3	0	0	0	0	0	0	0	0	0	sulfide oxidation
GB_GCA_902812875.1	CADDZV01	Bacteria	3	0	0	0	0	0	0	0	0	0	formate oxidation
GB_GCA_013152825.1	CAIJMQ01	Bacteria	14	0	0	3	0	0	0	0	1	6	H2 oxidation
GB_GCA_013152825.1	CAIJMQ01	Bacteria	14	0	0	3	0	0	0	0	0	3	formate oxidation
GB_GCA_016784425.1	CAIWAD01	Bacteria	16	0	0	0	0	0	0	0	0	0	H2 oxidation
GB_GCA_016784425.1	CAIWAD01	Bacteria	16	0	0	0	0	0	0	0	0	0	sulfide oxidation
GB_GCA_016191015.1	CAIWXX01	Bacteria	3	0	0	0	0	0	0	0	1	0	H2 oxidation
GB_GCA_016191015.1	CAIWXX01	Bacteria	3	0	0	0	0	0	0	0	0	0	sulfide oxidation
GB_GCA_016191015.1	CAIWXX01	Bacteria	3	0	0	0	0	0	0	0	1	0	sulfite oxidation
GB_GCA_016191015.1	CAIWXX01	Bacteria	3	0	0	0	0	0	0	0	0	0	formate oxidation
GB_GCA_030597945.1	CAJVYJ01	Bacteria	13	0	0	5	0	0	0	0	0	0	sulfide oxidation
GB_GCA_030597945.1	CAJVYJ01	Bacteria	13	0	0	5	0	0	0	0	0	0	formate oxidation
GB_GCA_036011265.1	CAJXCL01	Bacteria	6	0	0	0	0	0	0	0	0	0	H2 oxidation
GB_GCA_023265785.1	CAKKQC01	Bacteria	7	0	0	1	0	0	0	0	0	0	H2 oxidation
GB_GCA_023265785.1	CAKKQC01	Bacteria	7	0	0	0	0	0	0	0	0	0	sulfide oxidation
GB_GCA_023265785.1	CAKKQC01	Bacteria	7	0	0	2	0	0	0	0	2	0	formate oxidation
GB_GCA_030146615.1	CALGFH01	Bacteria	36	1	0	0	0	0	0	0	4	0	H2 oxidation
GB_GCA_030146615.1	CALGFH01	Bacteria	36	5	0	0	0	0	0	0	3	0	sulfide oxidation
GB_GCA_030146615.1	CALGFH01	Bacteria	36	5	0	0	0	0	0	0	6	0	CO oxidation
GB_GCA_030146615.1	CALGFH01	Bacteria	36	1	0	0	0	0	0	0	3	0	formate oxidation
GB_GCA_026415985.1	CALINM01	Bacteria	10	0	0	8	0	0	0	0	0	0	H2 oxidation
GB_GCA_026415985.1	CALINM01	Bacteria	10	0	0	1	0	0	0	0	0	0	sulfite oxidation
GB_GCA_015711795.1	CALKMS01	Bacteria	11	0	0	1	0	0	0	0	0	0	sulfide oxidation
GB_GCA_015711795.1	CALKMS01	Bacteria	11	0	0	1	0	0	0	0	0	0	formate oxidation
GB_GCA_937875495.1	CALLYA01	Bacteria	2	0	0	0	0	0	0	0	2	0	H2 oxidation
GB_GCA_002779055.1	CG03	Bacteria	8	0	0	1	0	0	0	0	1	2	formate oxidation
GB_GCA_001873945.1	CG2-30-40-21	Bacteria	9	0	0	6	0	0	0	0	1	1	sulfide oxidation
GB_GCA_001873945.1	CG2-30-40-21	Bacteria	9	0	0	7	0	0	0	0	1	1	formate oxidation
GB_GCA_001873285.1	CG2-30-53-67	Bacteria	14	0	0	7	0	0	0	0	0	0	H2 oxidation
GB_GCA_001873285.1	CG2-30-53-67	Bacteria	14	0	0	6	0	0	0	0	0	0	sulfide oxidation
GB_GCA_001873285.1	CG2-30-53-67	Bacteria	14	0	0	6	0	0	0	0	1	0	formate oxidation
GB_GCA_001873295.1	CG2-30-70-394	Bacteria	8	0	0	0	0	0	0	0	1	0	H2 oxidation
GB_GCA_001873295.1	CG2-30-70-394	Bacteria	8	0	0	0	0	0	0	0	1	0	sulfide oxidation
GB_GCA_001873295.1	CG2-30-70-394	Bacteria	8	0	0	0	0	0	0	0	1	0	sulfite oxidation
GB_GCA_008501735.1	CLD3	Bacteria	25	0	0	0	0	0	0	0	0	0	H2 oxidation
GB_GCA_008501735.1	CLD3	Bacteria	25	0	0	0	0	0	0	0	0	0	sulfide oxidation
GB_GCA_008501735.1	CLD3	Bacteria	25	0	0	0	0	0	0	0	1	0	formate oxidation
GB_GCA_003558985.1	CSSED10-310	Bacteria	6	0	0	0	0	0	0	0	0	0	H2 oxidation
GB_GCA_003558985.1	CSSED10-310	Bacteria	6	0	0	0	0	0	0	0	0	0	formate oxidation
GB_GCA_001871575.1	Caldisericia	Bacteria	94	0	0	0	0	0	0	0	0	0	H2 oxidation
GB_GCA_001871575.1	Caldisericia	Bacteria	94	0	1	0	0	0	0	0	0	1	formate oxidation
GB_GCA_001771055.1	Calditrichia	Bacteria	113	9	0	0	0	0	0	0	7	0	H2 oxidation
GB_GCA_001771055.1	Calditrichia	Bacteria	113	9	0	0	0	0	0	0	7	0	sulfide oxidation
GB_GCA_001771055.1	Calditrichia	Bacteria	113	2	0	0	0	0	0	0	5	0	CO oxidation
GB_GCA_000494225.1	Calescibacteriia	Bacteria	9	0	0	0	0	0	0	0	0	0	sulfide oxidation
GB_GCA_000494225.1	Calescibacteriia	Bacteria	9	0	0	0	0	0	0	0	0	0	formate oxidation
GB_GCA_000163995.1	Campylobacteria	Bacteria	2208	1	198	0	0	0	0	0	0	1	H2 oxidation
GB_GCA_000163995.1	Campylobacteria	Bacteria	2208	1	640	0	0	0	0	0	0	8	sulfide oxidation
GB_GCA_000163995.1	Campylobacteria	Bacteria	2208	1	63	0	0	0	0	0	0	0	formate oxidation
GB_GCA_012512295.1	Ch66	Bacteria	7	0	0	0	0	0	0	0	2	0	formate oxidation
GB_GCA_001045525.1	Chitinivibrionia	Bacteria	88	0	0	10	0	0	0	0	6	0	H2 oxidation
GB_GCA_001045525.1	Chitinivibrionia	Bacteria	88	0	0	3	0	0	0	0	0	0	sulfide oxidation
GB_GCA_001045525.1	Chitinivibrionia	Bacteria	88	0	0	0	0	0	0	0	0	0	CO oxidation
GB_GCA_001045525.1	Chitinivibrionia	Bacteria	88	0	0	2	0	0	0	0	0	0	formate oxidation
GB_GCA_000756735.1	Chlamydiia	Bacteria	586	0	0	0	0	0	0	0	0	0	sulfide oxidation
GB_GCA_000756735.1	Chlamydiia	Bacteria	586	0	0	0	0	0	0	0	0	0	formate oxidation
GB_GCA_000724175.1	Chlorobiia	Bacteria	168	0	112	0	0	0	0	0	0	0	H2 oxidation
GB_GCA_000724175.1	Chlorobiia	Bacteria	168	0	127	0	0	0	0	0	5	0	sulfide oxidation
GB_GCA_000018565.1	Chloroflexia	Bacteria	434	36	3	0	48	0	0	53	41	0	H2 oxidation
GB_GCA_000018565.1	Chloroflexia	Bacteria	434	32	2	0	38	0	0	44	40	1	sulfide oxidation
GB_GCA_000018565.1	Chloroflexia	Bacteria	434	0	0	0	0	0	0	0	1	0	sulfite oxidation
GB_GCA_000018565.1	Chloroflexia	Bacteria	434	26	0	0	42	0	0	48	63	3	CO oxidation
GB_GCA_000018565.1	Chloroflexia	Bacteria	434	5	0	3	7	0	0	7	15	0	formate oxidation
RS_GCF_000177635.2	Chrysiogenetes	Bacteria	3	0	0	0	0	0	0	0	0	0	H2 oxidation
RS_GCF_000177635.2	Chrysiogenetes	Bacteria	3	0	0	0	0	0	0	0	0	0	formate oxidation
GB_GCA_009885735.1	Chthonomonadetes	Bacteria	65	0	0	0	0	0	0	0	6	0	H2 oxidation
GB_GCA_009885735.1	Chthonomonadetes	Bacteria	65	0	0	0	0	0	0	0	3	0	sulfide oxidation
GB_GCA_009885735.1	Chthonomonadetes	Bacteria	65	0	0	0	0	0	0	0	5	0	formate oxidation
GB_GCA_000404785.1	Cloacimonadia	Bacteria	239	0	0	0	0	0	0	0	2	0	H2 oxidation
GB_GCA_000404785.1	Cloacimonadia	Bacteria	239	0	0	0	0	0	0	0	2	0	sulfide oxidation
GB_GCA_000404785.1	Cloacimonadia	Bacteria	239	0	0	0	0	0	0	0	0	0	formate oxidation
GB_GCA_000146855.1	Clostridia	Bacteria	23758	0	0	8	0	0	0	0	45	3	H2 oxidation
GB_GCA_000146855.1	Clostridia	Bacteria	23758	0	0	1	0	0	0	0	1	1	sulfide oxidation
GB_GCA_000146855.1	Clostridia	Bacteria	23758	0	0	1	0	0	0	0	1	0	sulfite oxidation
GB_GCA_000146855.1	Clostridia	Bacteria	23758	0	0	188	0	0	0	0	110	55	formate oxidation
GB_GCA_003476705.1	Coprothermobacteria	Bacteria	6	0	0	0	0	0	0	0	0	0	formate oxidation
GB_GCA_000333815.1	Coriobacteriia	Bacteria	3976	7	0	17	0	0	0	0	49	0	H2 oxidation
GB_GCA_000333815.1	Coriobacteriia	Bacteria	3976	2	0	4	0	0	0	0	3	0	sulfide oxidation
GB_GCA_000333815.1	Coriobacteriia	Bacteria	3976	0	0	2	0	0	0	0	10	0	sulfite oxidation
GB_GCA_000333815.1	Coriobacteriia	Bacteria	3976	0	0	34	0	0	0	0	43	0	formate oxidation
GB_GCA_000063505.1	Cyanobacteriia	Bacteria	2303	695	0	0	0	0	0	0	3	5	H2 oxidation
GB_GCA_000063505.1	Cyanobacteriia	Bacteria	2303	662	0	0	0	0	0	0	5	4	sulfide oxidation
GB_GCA_000063505.1	Cyanobacteriia	Bacteria	2303	0	0	0	0	0	0	0	0	0	sulfite oxidation
GB_GCA_000063505.1	Cyanobacteriia	Bacteria	2303	28	0	0	0	0	0	0	0	0	CO oxidation
GB_GCA_000063505.1	Cyanobacteriia	Bacteria	2303	9	0	0	0	0	0	0	0	0	formate oxidation
GB_GCA_001778355.1	D2-FULL-39-29	Bacteria	13	0	0	0	0	0	0	0	1	1	sulfide oxidation
GB_GCA_001778355.1	D2-FULL-39-29	Bacteria	13	0	0	1	0	0	0	0	0	1	formate oxidation
GB_GCA_035353495.1	DAOPZR01	Bacteria	1	0	0	0	0	0	0	0	0	0	H2 oxidation
GB_GCA_029932675.1	DAOVCL01	Bacteria	4	0	0	0	0	0	0	0	0	0	H2 oxidation
GB_GCA_030633305.1	DAOVTB01	Bacteria	1	0	0	0	0	0	0	0	0	0	H2 oxidation
GB_GCA_030642325.1	DAOWNY01	Bacteria	2	0	0	0	0	0	0	0	0	0	sulfide oxidation
GB_GCA_035686845.1	DASRZA01	Bacteria	3	0	0	0	0	0	0	0	1	0	H2 oxidation
GB_GCA_035686845.1	DASRZA01	Bacteria	3	0	0	0	0	0	0	0	0	0	formate oxidation
GB_GCA_036381125.1	DASVDK01	Bacteria	2	0	0	0	0	0	0	0	1	0	sulfide oxidation
GB_GCA_036381125.1	DASVDK01	Bacteria	2	0	0	0	0	0	0	0	2	0	CO oxidation
GB_GCA_036381125.1	DASVDK01	Bacteria	2	0	0	0	0	0	0	0	1	0	formate oxidation
GB_GCA_036398155.1	DASWHO01	Bacteria	1	0	0	0	0	0	0	0	0	0	formate oxidation
GB_GCA_036004705.1	DASYRF01	Bacteria	1	0	0	0	0	0	0	0	0	0	formate oxidation
GB_GCA_035528715.1	DATKYB01	Bacteria	3	0	0	0	0	0	0	0	0	0	H2 oxidation
GB_GCA_035528715.1	DATKYB01	Bacteria	3	0	0	0	0	0	0	0	0	0	formate oxidation
GB_GCA_001302825.1	DG-23	Bacteria	14	0	0	0	0	0	0	0	2	6	H2 oxidation
GB_GCA_001302825.1	DG-23	Bacteria	14	0	0	1	0	0	0	0	0	1	sulfide oxidation
GB_GCA_001302825.1	DG-23	Bacteria	14	0	0	1	0	0	0	0	0	3	formate oxidation
GB_GCA_001303705.1	DG-26	Bacteria	6	0	0	0	0	0	0	0	1	0	formate oxidation
GB_GCA_001304015.1	DG-26_A	Bacteria	4	0	0	0	0	0	0	0	0	0	H2 oxidation
GB_GCA_025057615.1	DRYD01	Bacteria	10	0	0	0	0	0	0	0	0	0	H2 oxidation
GB_GCA_025057615.1	DRYD01	Bacteria	10	0	0	0	0	0	0	0	0	0	sulfide oxidation
GB_GCA_001508855.1	DSM-12270	Bacteria	23	0	0	12	0	0	0	0	5	0	formate oxidation
GB_GCA_001515945.1	DSM-16504	Bacteria	7	0	0	2	0	0	0	0	1	0	sulfide oxidation
GB_GCA_001515945.1	DSM-16504	Bacteria	7	0	0	1	0	0	0	0	1	0	formate oxidation
GB_GCA_000179315.1	DSM-4660	Bacteria	243	0	0	44	0	0	0	0	26	2	H2 oxidation
GB_GCA_000179315.1	DSM-4660	Bacteria	243	0	0	13	0	0	0	0	6	2	sulfide oxidation
GB_GCA_000179315.1	DSM-4660	Bacteria	243	0	0	13	0	0	0	0	7	0	sulfite oxidation
GB_GCA_000179315.1	DSM-4660	Bacteria	243	0	0	6	0	0	0	0	3	0	CO oxidation
GB_GCA_000179315.1	DSM-4660	Bacteria	243	0	0	94	0	0	0	0	60	2	formate oxidation
GB_GCA_015486285.1	DSWW01	Bacteria	16	0	0	8	0	0	0	0	8	5	H2 oxidation
GB_GCA_015486285.1	DSWW01	Bacteria	16	0	0	0	0	0	0	0	0	0	sulfide oxidation
GB_GCA_015486285.1	DSWW01	Bacteria	16	0	0	7	0	0	0	0	6	6	formate oxidation
GB_GCA_019348365.1	DTGP01	Bacteria	10	0	0	0	0	0	0	0	1	0	H2 oxidation
GB_GCA_019348365.1	DTGP01	Bacteria	10	0	0	0	0	0	0	0	0	0	CO oxidation
GB_GCA_016208345.1	DTOL01	Bacteria	7	0	0	4	0	0	0	0	4	0	H2 oxidation
GB_GCA_016208345.1	DTOL01	Bacteria	7	0	0	2	0	0	0	0	2	0	sulfide oxidation
GB_GCA_016208345.1	DTOL01	Bacteria	7	0	0	2	0	0	0	0	2	0	formate oxidation
GB_GCA_011334435.1	DTPJ01	Bacteria	10	0	0	0	0	0	0	0	0	6	H2 oxidation
GB_GCA_011334435.1	DTPJ01	Bacteria	10	0	0	1	0	0	0	0	1	1	formate oxidation
GB_GCA_001513125.1	DTU030	Bacteria	14	0	0	0	0	0	0	0	0	0	sulfide oxidation
GB_GCA_001508005.1	DTU086	Bacteria	5	0	0	0	0	0	0	0	1	0	H2 oxidation
GB_GCA_001508005.1	DTU086	Bacteria	5	0	0	0	0	0	0	0	1	0	sulfide oxidation
GB_GCA_012962595.1	DTXE01	Bacteria	2	0	0	1	0	0	0	0	0	1	formate oxidation
GB_GCA_012512955.1	DULZ01	Bacteria	4	0	0	1	0	0	0	0	1	0	H2 oxidation
GB_GCA_012512955.1	DULZ01	Bacteria	4	0	0	0	0	0	0	0	1	0	formate oxidation
GB_GCA_012839925.1	DUMJ01	Bacteria	12	0	0	0	0	0	0	0	2	0	H2 oxidation
GB_GCA_012842575.1	DUSP01	Bacteria	4	0	0	1	0	0	0	0	1	0	sulfide oxidation
GB_GCA_012842575.1	DUSP01	Bacteria	4	0	0	2	0	0	0	0	2	0	formate oxidation
GB_GCA_020724425.1	DVGY01	Bacteria	1	0	0	0	0	0	0	0	0	0	sulfide oxidation
GB_GCA_020724425.1	DVGY01	Bacteria	1	0	0	0	0	0	0	0	0	0	formate oxidation
GB_GCA_020725105.1	DYFQ01	Bacteria	1	0	0	1	0	0	0	0	1	0	H2 oxidation
GB_GCA_020725105.1	DYFQ01	Bacteria	1	0	0	1	0	0	0	0	1	0	CO oxidation
GB_GCA_020725105.1	DYFQ01	Bacteria	1	0	0	1	0	0	0	0	1	0	formate oxidation
GB_GCA_020723725.1	DYIH01	Bacteria	6	3	0	0	0	0	0	0	0	0	sulfide oxidation
GB_GCA_020723435.1	DYIV01	Bacteria	1	0	0	1	0	0	0	0	0	0	sulfide oxidation
GB_GCA_020722945.1	DYJV01	Bacteria	9	0	0	1	0	0	0	0	0	0	H2 oxidation
GB_GCA_020722945.1	DYJV01	Bacteria	9	0	0	1	0	0	0	0	0	0	sulfide oxidation
GB_GCA_020722945.1	DYJV01	Bacteria	9	0	0	5	0	0	0	0	0	0	formate oxidation
GB_GCA_020720805.1	DYNZ01	Bacteria	1	0	0	0	0	0	0	0	0	0	H2 oxidation
GB_GCA_001603805.1	Deferribacteres	Bacteria	71	0	0	0	0	0	0	0	1	0	H2 oxidation
GB_GCA_001603805.1	Deferribacteres	Bacteria	71	0	0	0	0	0	0	0	0	0	sulfide oxidation
GB_GCA_001603805.1	Deferribacteres	Bacteria	71	0	0	0	0	0	0	0	0	0	sulfite oxidation
GB_GCA_001603805.1	Deferribacteres	Bacteria	71	0	0	0	0	0	0	0	0	0	formate oxidation
GB_GCA_001443455.1	Deferrimicrobia	Bacteria	82	0	0	0	0	0	0	0	0	0	H2 oxidation
GB_GCA_001443455.1	Deferrimicrobia	Bacteria	82	0	0	0	0	0	0	0	0	0	sulfide oxidation
GB_GCA_001443455.1	Deferrimicrobia	Bacteria	82	0	0	0	0	0	0	0	0	0	sulfite oxidation
GB_GCA_001443455.1	Deferrimicrobia	Bacteria	82	0	0	0	0	0	0	0	0	0	formate oxidation
GB_GCA_002869005.1	Deferrisomatia	Bacteria	21	0	0	11	0	0	0	0	7	0	H2 oxidation
GB_GCA_002869005.1	Deferrisomatia	Bacteria	21	0	0	11	0	0	0	0	7	0	formate oxidation
GB_GCA_002382665.1	Dehalobacteriia	Bacteria	85	0	0	1	0	0	0	0	8	0	H2 oxidation
GB_GCA_002382665.1	Dehalobacteriia	Bacteria	85	0	0	4	0	0	0	0	4	0	sulfide oxidation
GB_GCA_002382665.1	Dehalobacteriia	Bacteria	85	0	0	2	0	0	0	0	3	0	formate oxidation
GB_GCA_000143165.1	Dehalococcoidia	Bacteria	2107	2	0	139	0	0	0	0	29	3	H2 oxidation
GB_GCA_000143165.1	Dehalococcoidia	Bacteria	2107	3	0	26	0	0	0	0	41	2	sulfide oxidation
GB_GCA_000143165.1	Dehalococcoidia	Bacteria	2107	0	0	47	0	0	0	0	5	11	sulfite oxidation
GB_GCA_000143165.1	Dehalococcoidia	Bacteria	2107	3	0	1	0	0	0	2	389	1	CO oxidation
GB_GCA_000143165.1	Dehalococcoidia	Bacteria	2107	0	0	277	0	0	0	33	411	19	formate oxidation
GB_GCA_001311585.1	Deinococci	Bacteria	355	1	0	0	0	0	0	0	8	1	H2 oxidation
GB_GCA_001311585.1	Deinococci	Bacteria	355	30	0	0	0	0	0	0	46	4	sulfide oxidation
GB_GCA_001311585.1	Deinococci	Bacteria	355	16	0	0	0	0	0	0	19	3	CO oxidation
GB_GCA_001311585.1	Deinococci	Bacteria	355	18	0	0	0	0	0	0	36	0	formate oxidation
GB_GCA_001184205.1	Desulfarculia	Bacteria	88	0	0	33	0	0	0	0	24	0	H2 oxidation
GB_GCA_001184205.1	Desulfarculia	Bacteria	88	0	0	1	0	0	0	0	1	0	sulfide oxidation
GB_GCA_001184205.1	Desulfarculia	Bacteria	88	0	0	2	0	0	0	0	1	0	sulfite oxidation
GB_GCA_001184205.1	Desulfarculia	Bacteria	88	0	0	1	0	0	0	0	0	0	CO oxidation
GB_GCA_001184205.1	Desulfarculia	Bacteria	88	0	0	31	0	0	0	0	22	0	formate oxidation
GB_GCA_000770645.1	Desulfitobacteriia	Bacteria	109	0	0	31	0	0	0	0	26	0	H2 oxidation
GB_GCA_000770645.1	Desulfitobacteriia	Bacteria	109	0	0	47	0	0	0	0	39	1	sulfide oxidation
GB_GCA_000770645.1	Desulfitobacteriia	Bacteria	109	0	0	4	0	0	0	0	2	0	sulfite oxidation
GB_GCA_000770645.1	Desulfitobacteriia	Bacteria	109	0	0	1	0	0	0	0	1	0	CO oxidation
GB_GCA_000770645.1	Desulfitobacteriia	Bacteria	109	0	0	30	0	0	0	0	21	0	formate oxidation
GB_GCA_002049795.1	Desulfobaccia	Bacteria	81	0	0	15	0	0	0	0	0	20	H2 oxidation
GB_GCA_002049795.1	Desulfobaccia	Bacteria	81	0	0	38	0	0	0	0	1	58	sulfide oxidation
GB_GCA_002049795.1	Desulfobaccia	Bacteria	81	0	0	24	0	0	0	0	1	33	formate oxidation
GB_GCA_000961655.1	Desulfobacteria	Bacteria	844	0	0	221	0	0	0	0	177	22	H2 oxidation
GB_GCA_000961655.1	Desulfobacteria	Bacteria	844	0	0	155	0	0	0	0	121	32	sulfide oxidation
GB_GCA_000961655.1	Desulfobacteria	Bacteria	844	0	0	16	0	0	0	0	13	0	sulfite oxidation
GB_GCA_000961655.1	Desulfobacteria	Bacteria	844	0	0	25	0	0	0	0	23	0	CO oxidation
GB_GCA_000961655.1	Desulfobacteria	Bacteria	844	0	0	262	0	0	0	0	185	39	formate oxidation
GB_GCA_000769715.1	Desulfobulbia	Bacteria	466	3	0	260	0	0	0	0	98	0	H2 oxidation
GB_GCA_000769715.1	Desulfobulbia	Bacteria	466	2	0	161	0	0	0	0	80	0	sulfide oxidation
GB_GCA_000769715.1	Desulfobulbia	Bacteria	466	0	0	1	0	0	0	0	1	0	CO oxidation
GB_GCA_000769715.1	Desulfobulbia	Bacteria	466	2	0	276	0	0	0	0	87	0	formate oxidation
GB_GCA_021163945.1	Desulfofervidia	Bacteria	10	0	2	0	0	0	0	0	0	3	formate oxidation
GB_GCA_001896555.1	Desulfomonilia	Bacteria	119	0	0	55	0	0	0	0	35	0	H2 oxidation
GB_GCA_001896555.1	Desulfomonilia	Bacteria	119	0	0	3	0	0	0	0	7	0	sulfide oxidation
GB_GCA_001896555.1	Desulfomonilia	Bacteria	119	0	0	1	0	0	0	0	1	0	CO oxidation
GB_GCA_001896555.1	Desulfomonilia	Bacteria	119	0	0	49	0	0	0	0	45	0	formate oxidation
GB_GCA_000010565.1	Desulfotomaculia	Bacteria	146	2	0	7	0	0	0	0	0	0	H2 oxidation
GB_GCA_000010565.1	Desulfotomaculia	Bacteria	146	0	0	11	0	0	0	0	1	0	sulfide oxidation
GB_GCA_000010565.1	Desulfotomaculia	Bacteria	146	0	0	0	0	0	0	0	0	0	sulfite oxidation
GB_GCA_000010565.1	Desulfotomaculia	Bacteria	146	5	0	33	0	0	0	0	12	0	formate oxidation
GB_GCA_000226255.2	Desulfovibrionia	Bacteria	702	3	0	18	0	0	0	0	64	1	H2 oxidation
GB_GCA_000226255.2	Desulfovibrionia	Bacteria	702	12	0	9	0	0	0	0	56	1	sulfide oxidation
GB_GCA_000226255.2	Desulfovibrionia	Bacteria	702	0	0	1	0	0	0	0	0	0	sulfite oxidation
GB_GCA_000226255.2	Desulfovibrionia	Bacteria	702	0	0	7	0	0	0	0	6	0	CO oxidation
GB_GCA_000226255.2	Desulfovibrionia	Bacteria	702	14	0	22	0	0	0	0	117	1	formate oxidation
GB_GCA_000517565.1	Desulfurellia	Bacteria	41	0	0	0	0	0	0	0	0	0	sulfide oxidation
GB_GCA_000517565.1	Desulfurellia	Bacteria	41	0	0	0	0	0	0	0	0	0	formate oxidation
GB_GCA_001628815.1	Desulfuromonadia	Bacteria	528	0	0	0	0	0	0	0	27	1	H2 oxidation
GB_GCA_001628815.1	Desulfuromonadia	Bacteria	528	0	0	0	0	0	0	0	0	0	sulfide oxidation
GB_GCA_001628815.1	Desulfuromonadia	Bacteria	528	0	0	0	0	0	0	0	25	0	formate oxidation
GB_GCA_001512835.1	Dethiobacteria	Bacteria	141	0	0	7	0	0	0	0	5	0	H2 oxidation
GB_GCA_001512835.1	Dethiobacteria	Bacteria	141	0	0	19	0	0	0	0	15	0	sulfide oxidation
GB_GCA_001512835.1	Dethiobacteria	Bacteria	141	0	0	23	0	0	0	0	11	0	formate oxidation
GB_GCA_002878375.1	Dictyoglomia	Bacteria	12	0	0	0	0	0	0	0	9	0	H2 oxidation
GB_GCA_002367355.1	Dissulfuribacteria	Bacteria	80	4	0	42	0	0	0	0	0	0	H2 oxidation
GB_GCA_002367355.1	Dissulfuribacteria	Bacteria	80	0	0	1	0	0	0	0	0	0	sulfide oxidation
GB_GCA_002367355.1	Dissulfuribacteria	Bacteria	80	4	0	42	0	0	0	0	3	0	formate oxidation
GB_GCA_000989675.1	Dojkabacteria	Bacteria	200	0	0	0	0	0	0	0	0	0	H2 oxidation
GB_GCA_000989675.1	Dojkabacteria	Bacteria	200	0	0	0	0	0	0	0	0	0	sulfide oxidation
GB_GCA_001917815.1	Dormibacteria	Bacteria	285	18	0	0	0	0	0	0	5	0	H2 oxidation
GB_GCA_001917815.1	Dormibacteria	Bacteria	285	16	0	0	0	0	0	0	25	0	sulfide oxidation
GB_GCA_001917815.1	Dormibacteria	Bacteria	285	35	0	0	0	0	0	0	91	2	CO oxidation
GB_GCA_001917815.1	Dormibacteria	Bacteria	285	4	0	0	0	0	0	0	2	0	formate oxidation
GB_GCA_004376375.1	E44-bin39	Bacteria	1	0	0	1	0	0	0	0	0	1	H2 oxidation
GB_GCA_004376375.1	E44-bin39	Bacteria	1	0	0	1	0	0	0	0	0	1	formate oxidation
GB_GCA_004375785.1	E44-bin80	Bacteria	7	0	0	0	0	0	0	0	1	0	formate oxidation
GB_GCA_014729955.1	Electryoneia	Bacteria	21	0	0	0	0	0	0	0	0	0	H2 oxidation
GB_GCA_014729955.1	Electryoneia	Bacteria	21	0	0	0	0	0	0	0	0	0	sulfide oxidation
GB_GCA_014729955.1	Electryoneia	Bacteria	21	0	0	0	0	0	0	0	0	0	sulfite oxidation
GB_GCA_001799565.1	Elusimicrobia	Bacteria	433	0	0	0	0	0	0	0	21	0	H2 oxidation
GB_GCA_001799565.1	Elusimicrobia	Bacteria	433	0	0	0	0	0	0	0	1	0	sulfide oxidation
GB_GCA_001799565.1	Elusimicrobia	Bacteria	433	0	0	0	0	0	0	0	0	0	CO oxidation
GB_GCA_001799565.1	Elusimicrobia	Bacteria	433	0	0	0	0	0	0	0	0	0	formate oxidation
GB_GCA_001800285.1	Endomicrobiia	Bacteria	128	0	0	5	0	0	0	0	3	14	H2 oxidation
GB_GCA_001800285.1	Endomicrobiia	Bacteria	128	0	0	5	0	0	0	0	0	7	formate oxidation
GB_GCA_000522425.1	Entotheonellia	Bacteria	34	0	0	0	0	0	0	0	1	0	H2 oxidation
GB_GCA_000522425.1	Entotheonellia	Bacteria	34	0	0	0	0	0	0	0	1	0	sulfide oxidation
GB_GCA_000522425.1	Entotheonellia	Bacteria	34	0	0	0	0	0	0	0	1	0	sulfite oxidation
GB_GCA_000522425.1	Entotheonellia	Bacteria	34	0	0	0	0	0	0	0	2	0	CO oxidation
GB_GCA_000522425.1	Entotheonellia	Bacteria	34	0	0	0	0	0	0	0	2	0	formate oxidation
GB_GCA_003551625.1	Erginobacteria	Bacteria	19	0	0	0	0	0	0	0	0	0	H2 oxidation
GB_GCA_003551625.1	Erginobacteria	Bacteria	19	0	0	1	0	0	0	0	0	0	formate oxidation
GB_GCA_002342225.1	FAC87	Bacteria	50	0	0	0	0	0	0	0	13	0	sulfide oxidation
GB_GCA_002342225.1	FAC87	Bacteria	50	0	0	0	0	0	0	0	0	0	CO oxidation
GB_GCA_002342225.1	FAC87	Bacteria	50	0	0	0	0	0	0	0	0	0	formate oxidation
GB_GCA_004297775.1	FW602-bin22	Bacteria	26	0	0	3	0	0	0	0	2	0	H2 oxidation
GB_GCA_004297775.1	FW602-bin22	Bacteria	26	0	0	2	0	0	0	0	2	0	sulfide oxidation
GB_GCA_004297775.1	FW602-bin22	Bacteria	26	0	0	1	0	0	0	0	2	0	sulfite oxidation
GB_GCA_004297775.1	FW602-bin22	Bacteria	26	0	0	0	0	0	0	0	0	0	CO oxidation
GB_GCA_004297775.1	FW602-bin22	Bacteria	26	0	0	6	0	0	0	0	4	0	formate oxidation
GB_GCA_001618615.1	Fermentibacteria	Bacteria	71	0	0	0	0	0	0	0	17	0	H2 oxidation
GB_GCA_001618615.1	Fermentibacteria	Bacteria	71	0	0	0	0	0	0	0	8	0	formate oxidation
GB_GCA_001513185.1	Fermentithermobacillia	Bacteria	34	0	0	0	0	0	0	0	1	0	H2 oxidation
GB_GCA_001513185.1	Fermentithermobacillia	Bacteria	34	0	0	0	0	0	0	0	3	0	formate oxidation
GB_GCA_001462225.1	Fibrobacteria	Bacteria	253	0	0	0	0	0	0	0	0	0	sulfide oxidation
GB_GCA_001462225.1	Fibrobacteria	Bacteria	253	0	0	0	0	0	0	0	1	0	formate oxidation
GB_GCA_001442985.1	Fimbriimonadia	Bacteria	272	0	0	0	0	0	0	0	0	0	H2 oxidation
GB_GCA_001442985.1	Fimbriimonadia	Bacteria	272	0	0	0	0	0	0	0	1	0	sulfide oxidation
GB_GCA_001442985.1	Fimbriimonadia	Bacteria	272	0	0	0	0	0	0	0	11	0	formate oxidation
GB_GCA_000182945.1	Fusobacteriia	Bacteria	226	0	0	0	0	0	0	0	5	0	H2 oxidation
GB_GCA_000182945.1	Fusobacteriia	Bacteria	226	0	0	0	0	0	0	0	5	3	formate oxidation
GB_GCA_020348925.1	G020348925	Bacteria	2	0	0	0	0	0	0	0	1	0	formate oxidation
GB_GCA_020349885.1	G020349885	Bacteria	1	0	0	0	0	0	0	0	0	0	formate oxidation
GB_GCA_001443005.1	GBS-1	Bacteria	5	0	0	0	0	0	0	0	0	0	H2 oxidation
GB_GCA_001730085.1	GCA-001730085	Bacteria	4	0	0	0	0	0	0	0	0	0	formate oxidation
GB_GCA_002683135.1	GCA-002687715	Bacteria	24	0	0	0	0	0	0	0	0	0	sulfide oxidation
GB_GCA_002683135.1	GCA-002687715	Bacteria	24	0	0	0	0	0	0	0	0	0	CO oxidation
GB_GCA_021848765.1	GCA-003054495	Bacteria	4	0	0	2	0	0	0	0	1	0	H2 oxidation
GB_GCA_021848765.1	GCA-003054495	Bacteria	4	0	0	2	0	0	0	0	2	0	sulfide oxidation
GB_GCA_021848765.1	GCA-003054495	Bacteria	4	0	0	1	0	0	0	0	2	0	formate oxidation
GB_GCA_002686955.1	GCA-2686955	Bacteria	5	0	0	0	0	0	0	0	0	0	sulfide oxidation
GB_GCA_002686955.1	GCA-2686955	Bacteria	5	0	0	0	0	0	0	0	0	0	formate oxidation
GB_GCA_002746535.1	GCA-2746535	Bacteria	2	0	0	0	0	0	0	0	0	0	formate oxidation
GB_GCA_001790645.1	GWA2-38-11	Bacteria	5	0	0	0	0	0	0	0	0	0	formate oxidation
GB_GCA_001595385.3	GWC2-55-46	Bacteria	91	0	0	0	0	0	0	0	1	0	H2 oxidation
GB_GCA_001595385.3	GWC2-55-46	Bacteria	91	0	0	0	0	0	0	0	20	0	sulfide oxidation
GB_GCA_001595385.3	GWC2-55-46	Bacteria	91	0	0	0	0	0	0	0	0	0	formate oxidation
GB_GCA_001829125.1	GWE2-31-10	Bacteria	27	0	0	1	0	0	0	0	0	0	H2 oxidation
GB_GCA_001829125.1	GWE2-31-10	Bacteria	27	0	0	0	0	0	0	0	0	0	formate oxidation
GB_GCA_000008885.1	Gammaproteobacteria	Bacteria	28702	2533	8	1	0	0	0	493	826	375	H2 oxidation
GB_GCA_000008885.1	Gammaproteobacteria	Bacteria	28702	3741	9	1	0	0	0	616	1345	648	sulfide oxidation
GB_GCA_000008885.1	Gammaproteobacteria	Bacteria	28702	2440	5	1	0	0	0	296	901	11	sulfite oxidation
GB_GCA_000008885.1	Gammaproteobacteria	Bacteria	28702	1382	1	0	0	0	0	299	1509	8	CO oxidation
GB_GCA_000008885.1	Gammaproteobacteria	Bacteria	28702	3000	2	1	0	0	0	811	3368	871	formate oxidation
GB_GCA_000008885.1	Gammaproteobacteria	Bacteria	28702	85	0	0	0	0	0	86	67	236	methanol oxidation
GB_GCA_001724275.1	Gemmatimonadetes	Bacteria	2069	17	0	1	1	0	0	76	30	0	H2 oxidation
GB_GCA_001724275.1	Gemmatimonadetes	Bacteria	2069	25	0	2	1	0	0	48	50	0	sulfide oxidation
GB_GCA_001724275.1	Gemmatimonadetes	Bacteria	2069	0	0	1	0	0	0	0	8	0	sulfite oxidation
GB_GCA_001724275.1	Gemmatimonadetes	Bacteria	2069	10	0	1	0	0	0	88	22	0	CO oxidation
GB_GCA_001724275.1	Gemmatimonadetes	Bacteria	2069	27	0	1	2	0	0	174	104	0	formate oxidation
GB_GCA_001767605.1	Geothermincolia	Bacteria	63	0	0	1	0	0	0	0	0	1	sulfide oxidation
GB_GCA_001767605.1	Geothermincolia	Bacteria	63	0	0	28	0	0	0	0	0	33	formate oxidation
GB_GCA_001780825.1	Glassbacteria	Bacteria	15	0	0	0	0	0	0	0	12	0	H2 oxidation
GB_GCA_001780825.1	Glassbacteria	Bacteria	15	0	0	0	0	0	0	0	1	0	formate oxidation
GB_GCA_000989565.1	Gracilibacteria	Bacteria	669	0	0	0	0	0	0	0	0	0	formate oxidation
GB_GCA_018725125.1	HKB111	Bacteria	4	0	0	3	0	0	0	0	0	0	H2 oxidation
GB_GCA_018725125.1	HKB111	Bacteria	4	0	0	0	0	0	0	0	0	0	sulfide oxidation
GB_GCA_018725125.1	HKB111	Bacteria	4	0	0	2	0	0	0	0	0	0	formate oxidation
GB_GCA_001780385.1	HRBIN11	Bacteria	13	6	0	0	0	0	0	0	0	0	H2 oxidation
GB_GCA_001780385.1	HRBIN11	Bacteria	13	5	0	0	0	0	0	0	0	0	sulfide oxidation
GB_GCA_001780385.1	HRBIN11	Bacteria	13	0	0	0	0	0	0	0	1	0	sulfite oxidation
GB_GCA_001780385.1	HRBIN11	Bacteria	13	3	0	0	0	0	0	0	0	0	CO oxidation
GB_GCA_001780385.1	HRBIN11	Bacteria	13	0	0	0	0	0	0	0	0	0	formate oxidation
GB_GCA_002898895.1	HRBIN16	Bacteria	19	0	0	1	0	0	0	0	0	0	H2 oxidation
GB_GCA_002898895.1	HRBIN16	Bacteria	19	0	0	0	0	0	0	0	0	0	sulfide oxidation
GB_GCA_002898575.1	HRBIN17	Bacteria	23	0	0	0	0	0	0	0	0	0	H2 oxidation
GB_GCA_002898575.1	HRBIN17	Bacteria	23	0	0	0	0	0	0	0	1	0	sulfide oxidation
GB_GCA_002898575.1	HRBIN17	Bacteria	23	0	0	0	0	0	0	0	1	0	CO oxidation
GB_GCA_002898575.1	HRBIN17	Bacteria	23	0	0	4	0	0	0	0	0	0	formate oxidation
GB_GCA_001512435.1	Halanaerobiia	Bacteria	87	0	0	0	0	0	0	0	1	0	sulfide oxidation
GB_GCA_001512435.1	Halanaerobiia	Bacteria	87	0	0	6	0	0	0	0	18	2	formate oxidation
GB_GCA_011773575.1	Hebobacteria	Bacteria	64	0	0	26	0	0	0	0	11	33	formate oxidation
GB_GCA_001567115.1	Hinthialibacteria	Bacteria	38	0	0	2	0	0	0	0	7	0	H2 oxidation
GB_GCA_001567115.1	Hinthialibacteria	Bacteria	38	0	0	0	0	0	0	0	0	0	sulfide oxidation
GB_GCA_001567115.1	Hinthialibacteria	Bacteria	38	0	0	0	0	0	0	0	2	0	formate oxidation
GB_GCA_002068835.1	Holophagae	Bacteria	164	0	0	2	0	0	0	0	19	0	H2 oxidation
GB_GCA_002068835.1	Holophagae	Bacteria	164	0	0	0	0	0	0	0	10	0	sulfide oxidation
GB_GCA_002068835.1	Holophagae	Bacteria	164	0	0	2	0	0	0	0	17	0	formate oxidation
GB_GCA_002068775.1	Humimicrobiia	Bacteria	92	0	0	6	0	0	0	0	5	1	H2 oxidation
GB_GCA_002068775.1	Humimicrobiia	Bacteria	92	0	0	0	0	0	0	0	0	0	sulfide oxidation
GB_GCA_002068775.1	Humimicrobiia	Bacteria	92	0	0	39	0	0	0	0	8	4	formate oxidation
GB_GCA_000493945.1	Hydrogenedentia	Bacteria	145	1	0	9	0	0	0	0	32	0	H2 oxidation
GB_GCA_000493945.1	Hydrogenedentia	Bacteria	145	0	0	1	0	0	0	0	1	0	sulfide oxidation
GB_GCA_000493945.1	Hydrogenedentia	Bacteria	145	0	0	7	0	0	0	0	12	0	formate oxidation
GB_GCA_000980735.1	Hydrothermia	Bacteria	78	0	0	0	0	0	0	0	0	0	H2 oxidation
GB_GCA_000980735.1	Hydrothermia	Bacteria	78	0	0	0	0	0	0	0	0	0	sulfide oxidation
GB_GCA_000980735.1	Hydrothermia	Bacteria	78	0	0	0	0	0	0	0	0	0	sulfite oxidation
GB_GCA_000980735.1	Hydrothermia	Bacteria	78	0	0	0	0	0	0	0	0	0	formate oxidation
GB_GCA_001516025.1	Ignavibacteria	Bacteria	600	0	0	0	0	0	0	0	16	0	H2 oxidation
GB_GCA_001516025.1	Ignavibacteria	Bacteria	600	0	0	0	0	0	0	0	1	0	sulfide oxidation
GB_GCA_001516025.1	Ignavibacteria	Bacteria	600	0	0	0	0	0	0	0	0	0	formate oxidation
GB_GCA_003694875.1	J058	Bacteria	23	0	0	0	0	0	0	0	0	0	H2 oxidation
GB_GCA_003694875.1	J058	Bacteria	23	0	0	0	0	0	0	0	0	0	sulfide oxidation
GB_GCA_003694875.1	J058	Bacteria	23	0	0	0	0	0	0	0	0	0	CO oxidation
GB_GCA_003694875.1	J058	Bacteria	23	0	0	0	0	0	0	0	0	0	formate oxidation
GB_GCA_003695505.1	J088	Bacteria	5	0	0	0	0	0	0	0	0	0	sulfide oxidation
GB_GCA_013152945.1	JAADFL01	Bacteria	2	0	0	2	0	0	0	0	2	0	formate oxidation
GB_GCA_018263365.1	JAANXI01	Bacteria	8	0	0	0	0	0	0	0	0	0	H2 oxidation
GB_GCA_018263365.1	JAANXI01	Bacteria	8	0	0	0	0	0	0	0	0	0	sulfide oxidation
GB_GCA_009835325.1	JAAXHH01	Bacteria	37	0	0	0	0	0	0	0	0	1	sulfide oxidation
GB_GCA_009835325.1	JAAXHH01	Bacteria	37	0	0	0	0	0	0	0	0	1	CO oxidation
GB_GCA_009835325.1	JAAXHH01	Bacteria	37	0	0	0	0	0	0	0	1	32	formate oxidation
GB_GCA_013335425.1	JAAXVQ01	Bacteria	15	0	0	0	0	0	0	0	0	0	H2 oxidation
GB_GCA_013335425.1	JAAXVQ01	Bacteria	15	0	0	0	0	0	0	0	0	0	sulfide oxidation
GB_GCA_012517875.1	JAAYUB01	Bacteria	13	0	0	0	0	0	0	0	2	0	H2 oxidation
GB_GCA_012517875.1	JAAYUB01	Bacteria	13	0	0	0	0	0	0	0	0	0	formate oxidation
GB_GCA_012512265.1	JAAZEB01	Bacteria	4	0	0	1	0	0	0	0	2	1	H2 oxidation
GB_GCA_012512265.1	JAAZEB01	Bacteria	4	0	0	1	0	0	0	0	1	1	formate oxidation
GB_GCA_013286945.1	JABDET01	Bacteria	2	0	0	0	0	0	0	0	0	0	sulfide oxidation
GB_GCA_013203085.1	JABMQX01	Bacteria	15	0	0	0	0	0	0	0	7	0	H2 oxidation
GB_GCA_013203085.1	JABMQX01	Bacteria	15	0	0	1	0	0	0	0	0	0	formate oxidation
GB_GCA_013360915.1	JABWAT01	Bacteria	7	0	0	0	0	0	0	0	4	0	H2 oxidation
GB_GCA_013360915.1	JABWAT01	Bacteria	7	0	0	0	0	0	0	0	4	0	sulfide oxidation
GB_GCA_013360915.1	JABWAT01	Bacteria	7	0	0	0	0	0	0	0	0	0	formate oxidation
GB_GCA_014360055.1	JACIYH01	Bacteria	4	0	0	3	0	0	0	0	3	0	sulfide oxidation
GB_GCA_014360055.1	JACIYH01	Bacteria	4	0	0	3	0	0	0	0	3	0	formate oxidation
GB_GCA_016178505.1	JACOTG01	Bacteria	8	0	0	0	0	0	0	0	0	0	formate oxidation
GB_GCA_001797335.1	JACOXK01	Bacteria	13	0	0	0	0	0	0	0	0	0	sulfide oxidation
GB_GCA_016183885.1	JACPDS01	Bacteria	1	0	0	0	0	0	0	0	0	0	H2 oxidation
GB_GCA_016183865.1	JACPDT01	Bacteria	1	0	0	0	0	0	0	0	0	0	sulfide oxidation
GB_GCA_016183025.1	JACPFL01	Bacteria	1	0	0	0	0	0	0	0	1	0	CO oxidation
GB_GCA_016183025.1	JACPFL01	Bacteria	1	0	0	0	0	0	0	0	1	0	formate oxidation
GB_GCA_016180645.1	JACPQY01	Bacteria	2	0	0	0	0	0	0	0	0	0	sulfide oxidation
GB_GCA_016180645.1	JACPQY01	Bacteria	2	0	0	0	0	0	0	0	0	0	sulfite oxidation
GB_GCA_016180645.1	JACPQY01	Bacteria	2	0	0	0	0	0	0	0	0	0	formate oxidation
GB_GCA_016193065.1	JACPSX01	Bacteria	2	0	0	0	0	0	0	0	0	0	sulfite oxidation
GB_GCA_016193065.1	JACPSX01	Bacteria	2	0	0	0	0	0	0	0	0	0	CO oxidation
GB_GCA_016193065.1	JACPSX01	Bacteria	2	0	0	0	0	0	0	0	0	0	formate oxidation
GB_GCA_016192705.1	JACPTQ01	Bacteria	1	0	0	0	0	0	0	0	0	0	sulfide oxidation
GB_GCA_016192455.1	JACPUC01	Bacteria	1	0	0	0	0	0	0	0	1	0	sulfite oxidation
GB_GCA_016192455.1	JACPUC01	Bacteria	1	0	0	0	0	0	0	0	1	0	CO oxidation
GB_GCA_016192455.1	JACPUC01	Bacteria	1	0	0	0	0	0	0	0	1	0	formate oxidation
GB_GCA_016209595.1	JACQVV01	Bacteria	5	0	0	0	0	0	0	0	0	3	sulfide oxidation
GB_GCA_016209595.1	JACQVV01	Bacteria	5	0	0	0	0	0	0	0	0	1	CO oxidation
GB_GCA_016209595.1	JACQVV01	Bacteria	5	0	0	0	0	0	0	0	0	3	formate oxidation
GB_GCA_016208165.1	JACQYL01	Bacteria	5	0	0	3	0	0	0	0	1	0	H2 oxidation
GB_GCA_016208165.1	JACQYL01	Bacteria	5	0	0	2	0	0	0	0	0	0	formate oxidation
GB_GCA_016218805.1	JACRCW01	Bacteria	3	0	0	0	0	0	0	0	0	0	sulfide oxidation
GB_GCA_016218805.1	JACRCW01	Bacteria	3	0	0	0	0	0	0	0	0	0	formate oxidation
GB_GCA_016209155.1	JACRDZ01	Bacteria	1	0	0	1	0	0	0	0	0	0	sulfide oxidation
GB_GCA_016212295.1	JACRGO01	Bacteria	2	0	0	0	0	0	0	0	0	0	H2 oxidation
GB_GCA_016212105.1	JACRHJ01	Bacteria	8	0	0	2	0	0	0	0	2	0	sulfide oxidation
GB_GCA_016212105.1	JACRHJ01	Bacteria	8	0	0	7	0	0	0	0	4	0	formate oxidation
GB_GCA_016212085.1	JACRHL01	Bacteria	6	3	0	0	0	0	0	0	5	0	sulfide oxidation
GB_GCA_016212085.1	JACRHL01	Bacteria	6	1	0	0	0	0	0	0	4	0	formate oxidation
GB_GCA_015222555.1	JADFVX01	Bacteria	6	0	0	0	0	0	0	0	0	1	sulfide oxidation
GB_GCA_015231345.1	JADGBV01	Bacteria	7	0	0	0	0	0	0	0	0	0	formate oxidation
GB_GCA_016713535.1	JADJOY01	Bacteria	4	0	0	0	0	0	0	0	3	0	H2 oxidation
GB_GCA_016713535.1	JADJOY01	Bacteria	4	0	0	0	0	0	0	0	2	0	CO oxidation
GB_GCA_020846535.1	JADLDR01	Bacteria	1	0	0	0	0	0	0	0	1	0	formate oxidation
GB_GCA_000503875.1	JAEDAM01	Bacteria	263	0	0	0	0	0	0	0	0	0	sulfide oxidation
GB_GCA_016208525.1	JAENJC01	Bacteria	4	0	0	2	0	0	0	0	1	0	sulfide oxidation
GB_GCA_016208525.1	JAENJC01	Bacteria	4	0	0	2	0	0	0	0	1	0	formate oxidation
GB_GCA_019310535.1	JAFDED01	Bacteria	2	0	0	2	0	0	0	0	2	0	formate oxidation
GB_GCA_016929035.1	JAFGBW01	Bacteria	5	0	0	0	0	0	0	0	0	0	H2 oxidation
GB_GCA_016928395.1	JAFGKV01	Bacteria	4	0	0	0	0	0	0	0	0	0	H2 oxidation
GB_GCA_016928395.1	JAFGKV01	Bacteria	4	0	0	0	0	0	0	0	0	0	formate oxidation
GB_GCA_016926495.1	JAFGOL01	Bacteria	12	0	0	0	0	0	0	0	0	0	H2 oxidation
GB_GCA_016934675.1	JAFGSJ01	Bacteria	1	0	0	0	0	0	0	0	0	0	formate oxidation
GB_GCA_021161545.1	JAGHAJ01	Bacteria	2	0	0	0	0	0	0	0	0	0	H2 oxidation
GB_GCA_021161545.1	JAGHAJ01	Bacteria	2	0	0	0	0	0	0	0	0	0	formate oxidation
GB_GCA_023132075.1	JAGLHV01	Bacteria	5	0	0	0	0	0	0	0	0	0	H2 oxidation
GB_GCA_029548715.1	JAGLSM01	Bacteria	6	0	0	0	0	0	0	0	0	0	H2 oxidation
GB_GCA_029548715.1	JAGLSM01	Bacteria	6	0	0	0	0	0	0	0	0	0	formate oxidation
GB_GCA_017999075.1	JAGOBX01	Bacteria	5	0	0	0	0	0	0	0	0	0	H2 oxidation
GB_GCA_020434085.1	JAGRBM01	Bacteria	6	0	0	0	0	0	0	0	0	0	sulfide oxidation
GB_GCA_020434085.1	JAGRBM01	Bacteria	6	0	0	0	0	0	0	0	0	0	formate oxidation
GB_GCA_020052375.1	JAHEXW01	Bacteria	6	0	0	2	0	0	0	0	0	0	formate oxidation
GB_GCA_016931325.1	JAHITG01	Bacteria	6	0	0	0	0	0	0	0	0	0	H2 oxidation
GB_GCA_018823415.1	JAHJIN01	Bacteria	3	0	0	2	0	0	0	0	2	0	H2 oxidation
GB_GCA_018823415.1	JAHJIN01	Bacteria	3	0	0	2	0	0	0	0	2	0	formate oxidation
GB_GCA_018830565.1	JAHJRX01	Bacteria	2	0	0	1	0	0	0	0	0	0	sulfide oxidation
GB_GCA_018830565.1	JAHJRX01	Bacteria	2	0	0	2	0	0	0	0	0	0	formate oxidation
GB_GCA_025934435.1	JAICYB01	Bacteria	13	1	0	0	0	0	0	0	0	0	H2 oxidation
GB_GCA_025934435.1	JAICYB01	Bacteria	13	1	0	0	0	0	0	0	0	0	sulfide oxidation
GB_GCA_025934435.1	JAICYB01	Bacteria	13	0	0	0	0	0	0	0	0	0	CO oxidation
GB_GCA_025934435.1	JAICYB01	Bacteria	13	0	0	0	0	0	0	0	0	0	formate oxidation
GB_GCA_023511835.1	JAIMAT01	Bacteria	3	0	0	0	0	0	0	0	0	0	sulfide oxidation
GB_GCA_023511835.1	JAIMAT01	Bacteria	3	0	0	0	0	0	0	0	0	0	CO oxidation
GB_GCA_023511835.1	JAIMAT01	Bacteria	3	0	0	0	0	0	0	0	0	0	formate oxidation
GB_GCA_023511555.1	JAIMBG01	Bacteria	2	0	0	2	0	0	0	0	1	0	H2 oxidation
GB_GCA_023511555.1	JAIMBG01	Bacteria	2	0	0	2	0	0	0	0	1	0	formate oxidation
GB_GCA_021325635.1	JAJPGV01	Bacteria	4	0	0	0	0	0	0	0	0	0	H2 oxidation
GB_GCA_021325635.1	JAJPGV01	Bacteria	4	0	0	0	0	0	0	0	0	0	CO oxidation
GB_GCA_024278345.1	JAJRTK01	Bacteria	1	0	0	0	0	0	0	0	0	0	H2 oxidation
GB_GCA_024276815.1	JAJRWM01	Bacteria	1	0	0	1	0	0	0	0	0	0	formate oxidation
GB_GCA_024275075.1	JAJRXV01	Bacteria	2	0	0	1	0	0	0	0	0	0	formate oxidation
GB_GCA_024275095.1	JAJRZV01	Bacteria	1	0	0	0	0	0	0	0	0	0	H2 oxidation
GB_GCA_021414065.1	JAJSAM01	Bacteria	16	0	0	0	0	0	0	0	2	5	H2 oxidation
GB_GCA_021414065.1	JAJSAM01	Bacteria	16	1	0	0	0	0	0	0	0	12	formate oxidation
GB_GCA_021107945.1	JAJTBE01	Bacteria	4	0	0	0	0	0	0	0	0	0	H2 oxidation
GB_GCA_021157815.1	JAJVIF01	Bacteria	17	0	0	0	0	0	0	0	0	0	H2 oxidation
GB_GCA_021157815.1	JAJVIF01	Bacteria	17	0	0	0	0	0	0	0	0	0	sulfide oxidation
GB_GCA_021157815.1	JAJVIF01	Bacteria	17	0	0	0	0	0	0	0	0	0	sulfite oxidation
GB_GCA_021157815.1	JAJVIF01	Bacteria	17	0	0	0	0	0	0	0	0	0	formate oxidation
GB_GCA_021790555.1	JAJYCY01	Bacteria	9	0	0	0	0	0	0	0	0	0	H2 oxidation
GB_GCA_021790555.1	JAJYCY01	Bacteria	9	0	0	0	0	0	0	0	0	0	sulfide oxidation
GB_GCA_021787335.1	JAJYWN01	Bacteria	5	0	0	1	0	0	0	0	1	0	sulfide oxidation
GB_GCA_021787335.1	JAJYWN01	Bacteria	5	0	0	5	0	0	0	0	3	0	formate oxidation
GB_GCA_021798855.1	JAJZIM01	Bacteria	2	0	0	0	0	0	0	0	0	0	H2 oxidation
GB_GCA_021798855.1	JAJZIM01	Bacteria	2	0	0	1	0	0	0	0	0	0	sulfide oxidation
GB_GCA_021798855.1	JAJZIM01	Bacteria	2	0	0	1	0	0	0	0	0	0	sulfite oxidation
GB_GCA_021798855.1	JAJZIM01	Bacteria	2	0	0	1	0	0	0	0	0	0	formate oxidation
GB_GCA_021786135.1	JAJZYS01	Bacteria	17	0	0	0	0	0	0	0	0	1	sulfide oxidation
GB_GCA_021786135.1	JAJZYS01	Bacteria	17	0	0	0	0	0	0	0	0	0	CO oxidation
GB_GCA_021786135.1	JAJZYS01	Bacteria	17	0	0	0	0	0	0	0	0	0	formate oxidation
GB_GCA_020723505.1	JAKEIC01	Bacteria	3	0	0	0	0	0	0	0	0	1	sulfide oxidation
GB_GCA_020723505.1	JAKEIC01	Bacteria	3	0	0	1	0	0	0	0	1	1	formate oxidation
GB_GCA_027028665.1	JALVIU01	Bacteria	2	0	0	0	0	0	0	0	1	0	H2 oxidation
GB_GCA_027028665.1	JALVIU01	Bacteria	2	0	0	0	0	0	0	0	1	0	formate oxidation
GB_GCA_021787655.1	JAMCPX01	Bacteria	14	0	0	0	0	0	0	0	0	0	sulfide oxidation
GB_GCA_023475165.1	JAMCWA01	Bacteria	2	0	0	1	0	0	0	0	1	0	sulfide oxidation
GB_GCA_023475165.1	JAMCWA01	Bacteria	2	0	0	2	0	0	0	0	2	0	formate oxidation
GB_GCA_023475345.1	JAMCWD01	Bacteria	1	0	0	1	0	0	0	0	1	0	formate oxidation
GB_GCA_024655865.1	JANLFM01	Bacteria	12	0	0	0	0	0	0	0	0	0	H2 oxidation
GB_GCA_024655865.1	JANLFM01	Bacteria	12	0	0	0	0	0	0	0	0	0	formate oxidation
GB_GCA_026417415.1	JAOADG01	Bacteria	4	0	0	0	0	0	0	0	0	0	H2 oxidation
GB_GCA_029859385.1	JAOUDF01	Bacteria	1	0	0	1	0	0	0	0	1	0	sulfide oxidation
GB_GCA_028687545.1	JAQTZZ01	Bacteria	3	0	0	0	0	0	0	0	0	0	H2 oxidation
GB_GCA_028719205.1	JAQUKH01	Bacteria	2	0	0	1	0	0	0	0	0	0	sulfide oxidation
GB_GCA_028719205.1	JAQUKH01	Bacteria	2	0	0	2	0	0	0	0	0	0	formate oxidation
GB_GCA_030019105.1	JASEGY01	Bacteria	3	0	0	1	0	0	0	0	0	0	H2 oxidation
GB_GCA_030019105.1	JASEGY01	Bacteria	3	0	0	2	0	0	0	0	0	0	sulfide oxidation
GB_GCA_030019105.1	JASEGY01	Bacteria	3	0	0	3	0	0	0	0	0	0	formate oxidation
GB_GCA_030017475.1	JASEIO01	Bacteria	1	0	0	0	0	0	0	0	0	0	formate oxidation
GB_GCA_030446285.1	JASUSC01	Bacteria	1	0	0	0	0	0	0	0	0	0	formate oxidation
GB_GCA_003599235.1	JAUUWJ01	Bacteria	3	0	0	2	0	0	0	0	0	0	sulfide oxidation
GB_GCA_003599235.1	JAUUWJ01	Bacteria	3	0	0	3	0	0	0	0	0	0	formate oxidation
GB_GCA_030596585.1	JAUVJM01	Bacteria	6	0	0	0	0	0	0	0	1	4	H2 oxidation
GB_GCA_030596585.1	JAUVJM01	Bacteria	6	0	0	0	0	0	0	0	0	1	formate oxidation
GB_GCA_030609125.1	JAUVQV01	Bacteria	6	0	0	4	0	0	0	0	1	0	H2 oxidation
GB_GCA_030609125.1	JAUVQV01	Bacteria	6	0	0	1	0	0	0	0	0	0	sulfide oxidation
GB_GCA_030609125.1	JAUVQV01	Bacteria	6	0	0	1	0	0	0	0	1	0	formate oxidation
GB_GCA_030603185.1	JAUVYG01	Bacteria	1	0	0	1	0	0	0	0	1	0	sulfide oxidation
GB_GCA_030603185.1	JAUVYG01	Bacteria	1	0	0	1	0	0	0	0	1	0	formate oxidation
GB_GCA_030621225.1	JAUXIB01	Bacteria	1	0	0	0	0	0	0	0	0	0	H2 oxidation
GB_GCA_030620925.1	JAUXIQ01	Bacteria	2	0	0	0	0	0	0	0	0	0	formate oxidation
GB_GCA_030691635.1	JAUYEF01	Bacteria	2	0	0	0	0	0	0	0	0	0	formate oxidation
GB_GCA_030691505.1	JAUYEG01	Bacteria	7	0	0	2	0	0	0	0	4	0	formate oxidation
GB_GCA_030698575.1	JAUYMQ01	Bacteria	5	0	0	0	0	0	0	0	0	0	sulfide oxidation
GB_GCA_041687475.1	JAWLBW01	Bacteria	4	0	0	0	0	0	0	0	0	0	sulfide oxidation
GB_GCA_033549265.1	JAWSUQ01	Bacteria	4	0	0	2	0	0	0	0	1	0	formate oxidation
GB_GCA_034717985.1	JAYEMH01	Bacteria	3	0	0	0	0	0	0	0	0	0	H2 oxidation
GB_GCA_036446955.1	JAZFTZ01	Bacteria	1	0	0	0	0	0	0	0	0	0	sulfite oxidation
GB_GCA_041659865.1	JBAZXJ01	Bacteria	1	0	0	0	0	0	0	0	0	0	H2 oxidation
GB_GCA_037441565.1	JBBIRW01	Bacteria	4	0	0	0	0	0	0	0	0	3	sulfite oxidation
GB_GCA_037441565.1	JBBIRW01	Bacteria	4	0	0	0	0	0	0	0	0	0	CO oxidation
GB_GCA_038060915.1	JBBTDB01	Bacteria	1	0	0	0	0	0	0	0	1	0	H2 oxidation
GB_GCA_039029535.1	JBCCFW01	Bacteria	3	0	0	0	0	0	0	0	0	0	sulfide oxidation
GB_GCA_039029535.1	JBCCFW01	Bacteria	3	0	0	0	0	0	0	0	0	0	formate oxidation
GB_GCA_040755005.1	JBFMBV01	Bacteria	1	0	0	1	0	0	0	0	1	0	formate oxidation
GB_GCA_000405605.1	JS1	Bacteria	53	0	0	0	0	0	0	0	17	1	H2 oxidation
GB_GCA_000405605.1	JS1	Bacteria	53	0	0	0	0	0	0	0	16	0	formate oxidation
GB_GCA_002011685.1	JdFR-76	Bacteria	17	0	0	0	0	0	0	0	0	0	H2 oxidation
GB_GCA_002011685.1	JdFR-76	Bacteria	17	0	0	0	0	0	0	0	0	0	sulfide oxidation
GB_GCA_002011685.1	JdFR-76	Bacteria	17	0	0	0	0	0	0	0	0	0	CO oxidation
GB_GCA_002010915.1	JdFR-97	Bacteria	11	0	0	9	0	0	0	0	4	0	H2 oxidation
GB_GCA_002010915.1	JdFR-97	Bacteria	11	0	0	3	0	0	0	0	0	0	CO oxidation
GB_GCA_002010915.1	JdFR-97	Bacteria	11	0	0	2	0	0	0	0	0	0	formate oxidation
GB_GCA_014728125.1	Joyebacteria	Bacteria	31	0	0	0	0	0	0	0	0	0	H2 oxidation
GB_GCA_014728125.1	Joyebacteria	Bacteria	31	0	0	0	0	0	0	0	0	0	sulfide oxidation
GB_GCA_014728125.1	Joyebacteria	Bacteria	31	0	0	0	0	0	0	0	0	0	formate oxidation
RS_GCF_002207765.1	KKC1	Bacteria	1	0	0	1	0	0	0	0	0	0	formate oxidation
GB_GCA_001804565.1	Kapaibacteriia	Bacteria	357	0	0	0	0	0	0	0	3	0	H2 oxidation
GB_GCA_001804565.1	Kapaibacteriia	Bacteria	357	0	0	0	0	0	0	0	1	0	sulfide oxidation
GB_GCA_001804565.1	Kapaibacteriia	Bacteria	357	0	0	0	0	0	0	0	0	0	CO oxidation
GB_GCA_001804565.1	Kapaibacteriia	Bacteria	357	0	0	0	0	0	0	0	0	0	formate oxidation
GB_GCA_001803315.1	Kiritimatiellia	Bacteria	884	0	0	20	0	0	0	0	48	2	H2 oxidation
GB_GCA_001803315.1	Kiritimatiellia	Bacteria	884	0	0	5	0	0	0	0	8	0	sulfide oxidation
GB_GCA_001803315.1	Kiritimatiellia	Bacteria	884	0	0	0	0	0	0	0	3	0	CO oxidation
GB_GCA_001803315.1	Kiritimatiellia	Bacteria	884	0	0	39	0	0	0	0	22	3	formate oxidation
GB_GCA_000954095.1	Koll11	Bacteria	956	0	0	94	0	0	0	0	72	53	H2 oxidation
GB_GCA_000954095.1	Koll11	Bacteria	956	0	0	1	0	0	0	0	1	0	sulfide oxidation
GB_GCA_000954095.1	Koll11	Bacteria	956	0	0	0	0	0	0	0	0	0	CO oxidation
GB_GCA_000954095.1	Koll11	Bacteria	956	0	0	37	0	0	0	0	5	12	formate oxidation
GB_GCA_002085285.1	Krumholzibacteriia	Bacteria	216	0	0	1	0	0	0	0	0	0	H2 oxidation
GB_GCA_002085285.1	Krumholzibacteriia	Bacteria	216	0	0	0	0	0	0	0	0	0	sulfide oxidation
GB_GCA_002085285.1	Krumholzibacteriia	Bacteria	216	0	0	1	0	0	0	0	0	0	sulfite oxidation
GB_GCA_002085285.1	Krumholzibacteriia	Bacteria	216	0	0	0	0	0	0	0	1	0	formate oxidation
GB_GCA_001442925.1	Kryptoniia	Bacteria	29	0	0	0	0	0	0	0	0	0	H2 oxidation
GB_GCA_001442925.1	Kryptoniia	Bacteria	29	0	0	0	0	0	0	0	0	0	sulfide oxidation
GB_GCA_001442925.1	Kryptoniia	Bacteria	29	0	0	0	0	0	0	0	0	0	sulfite oxidation
GB_GCA_005881295.1	Ktedonobacteria	Bacteria	139	20	0	0	0	0	0	4	0	6	H2 oxidation
GB_GCA_005881295.1	Ktedonobacteria	Bacteria	139	13	0	0	0	0	0	2	0	3	sulfide oxidation
GB_GCA_005881295.1	Ktedonobacteria	Bacteria	139	27	0	0	0	0	0	4	0	8	CO oxidation
GB_GCA_005881295.1	Ktedonobacteria	Bacteria	139	4	0	0	0	0	0	1	0	1	formate oxidation
GB_GCA_000403035.1	Latescibacteria	Bacteria	19	0	0	4	0	0	0	0	5	0	H2 oxidation
GB_GCA_000403035.1	Latescibacteria	Bacteria	19	0	0	2	0	0	0	0	2	0	sulfide oxidation
GB_GCA_000403035.1	Latescibacteria	Bacteria	19	0	0	4	0	0	0	0	2	0	formate oxidation
GB_GCA_001603055.1	Lentisphaeria	Bacteria	458	0	1	13	0	0	0	0	10	0	H2 oxidation
GB_GCA_001603055.1	Lentisphaeria	Bacteria	458	0	0	0	0	0	0	0	2	0	CO oxidation
GB_GCA_001603055.1	Lentisphaeria	Bacteria	458	0	1	10	0	0	0	0	10	0	formate oxidation
GB_GCA_002333425.1	Leptospiria	Bacteria	203	0	0	0	0	0	0	0	1	0	H2 oxidation
GB_GCA_002333425.1	Leptospiria	Bacteria	203	4	0	0	0	0	0	0	7	0	sulfide oxidation
GB_GCA_002387725.1	Leptospirillia	Bacteria	20	0	0	0	0	0	0	0	4	0	H2 oxidation
GB_GCA_002387725.1	Leptospirillia	Bacteria	20	0	0	0	0	0	0	0	12	0	sulfide oxidation
GB_GCA_003170555.1	Lernaellaia	Bacteria	19	0	0	0	0	0	0	0	0	0	H2 oxidation
GB_GCA_003170555.1	Lernaellaia	Bacteria	19	0	0	0	0	0	0	0	3	0	sulfide oxidation
GB_GCA_003170555.1	Lernaellaia	Bacteria	19	0	0	1	0	0	0	0	1	0	formate oxidation
GB_GCA_001028815.1	Limnochordia	Bacteria	99	2	0	0	0	0	0	0	0	0	H2 oxidation
GB_GCA_001028815.1	Limnochordia	Bacteria	99	2	0	0	0	0	0	0	2	1	sulfide oxidation
GB_GCA_001028815.1	Limnochordia	Bacteria	99	3	0	0	0	0	0	0	0	0	CO oxidation
GB_GCA_001028815.1	Limnochordia	Bacteria	99	0	0	3	0	0	0	0	2	0	formate oxidation
GB_GCA_001443375.1	Limnocylindria	Bacteria	527	11	0	4	0	0	0	1	29	0	H2 oxidation
GB_GCA_001443375.1	Limnocylindria	Bacteria	527	17	0	6	0	0	0	1	26	0	sulfide oxidation
GB_GCA_001443375.1	Limnocylindria	Bacteria	527	1	0	0	0	0	0	0	0	0	sulfite oxidation
GB_GCA_001443375.1	Limnocylindria	Bacteria	527	14	0	3	0	0	0	0	13	0	CO oxidation
GB_GCA_001443375.1	Limnocylindria	Bacteria	527	5	0	2	0	0	0	0	8	0	formate oxidation
GB_GCA_009773755.1	MHYJ01	Bacteria	53	0	0	0	0	0	0	0	1	1	H2 oxidation
GB_GCA_009773755.1	MHYJ01	Bacteria	53	0	0	0	0	0	0	0	2	14	sulfide oxidation
GB_GCA_009773755.1	MHYJ01	Bacteria	53	0	0	0	0	0	0	0	0	7	CO oxidation
GB_GCA_009773755.1	MHYJ01	Bacteria	53	0	0	6	0	0	0	0	8	12	formate oxidation
GB_GCA_000447245.1	MSB-5A5	Bacteria	332	0	0	0	0	0	0	0	1	0	H2 oxidation
GB_GCA_000447245.1	MSB-5A5	Bacteria	332	0	0	0	0	0	0	0	0	0	sulfide oxidation
GB_GCA_000447245.1	MSB-5A5	Bacteria	332	0	0	0	0	0	0	0	0	0	sulfite oxidation
GB_GCA_000447245.1	MSB-5A5	Bacteria	332	0	0	0	0	0	0	0	0	0	formate oxidation
GB_GCA_002049985.1	MVCY01	Bacteria	9	0	0	1	0	0	0	0	2	0	H2 oxidation
GB_GCA_002049985.1	MVCY01	Bacteria	9	0	0	1	0	0	0	0	1	0	formate oxidation
GB_GCA_022706085.1	MWCZ01	Bacteria	8	0	0	0	0	0	0	0	0	0	H2 oxidation
GB_GCA_022706085.1	MWCZ01	Bacteria	8	0	0	0	0	0	0	0	2	0	formate oxidation
GB_GCA_002753095.1	Magnetococcia	Bacteria	42	0	0	0	0	0	0	0	0	0	H2 oxidation
GB_GCA_002753095.1	Magnetococcia	Bacteria	42	0	0	0	0	0	0	0	0	0	sulfide oxidation
GB_GCA_002753095.1	Magnetococcia	Bacteria	42	0	0	0	0	0	0	0	0	0	sulfite oxidation
GB_GCA_002753095.1	Magnetococcia	Bacteria	42	0	0	0	0	0	0	0	0	0	formate oxidation
GB_GCA_002296285.1	Marinamargulisbacteria	Bacteria	54	0	1	0	0	0	0	0	0	0	sulfide oxidation
GB_GCA_002296285.1	Marinamargulisbacteria	Bacteria	54	0	0	0	0	0	0	0	0	0	CO oxidation
GB_GCA_000402655.1	Marinisomatia	Bacteria	362	2	0	0	0	0	0	0	0	0	H2 oxidation
GB_GCA_000402655.1	Marinisomatia	Bacteria	362	1	0	0	0	0	0	0	0	0	sulfide oxidation
GB_GCA_000402655.1	Marinisomatia	Bacteria	362	0	0	0	0	0	0	0	0	0	sulfite oxidation
GB_GCA_000402655.1	Marinisomatia	Bacteria	362	0	0	0	0	0	0	0	0	1	CO oxidation
GB_GCA_000402655.1	Marinisomatia	Bacteria	362	0	0	0	0	0	0	0	0	0	formate oxidation
GB_GCA_008086245.1	Mcinerneyibacteria	Bacteria	11	0	0	0	0	0	0	0	0	0	H2 oxidation
GB_GCA_008086245.1	Mcinerneyibacteria	Bacteria	11	0	0	0	0	0	0	0	1	0	formate oxidation
GB_GCA_000091165.1	Methylomirabilia	Bacteria	277	1	0	2	0	0	0	0	4	0	H2 oxidation
GB_GCA_000091165.1	Methylomirabilia	Bacteria	277	6	0	0	0	0	0	0	10	0	sulfide oxidation
GB_GCA_000091165.1	Methylomirabilia	Bacteria	277	2	0	1	0	0	0	0	0	0	sulfite oxidation
GB_GCA_000091165.1	Methylomirabilia	Bacteria	277	1	0	0	0	0	0	0	39	0	CO oxidation
GB_GCA_000091165.1	Methylomirabilia	Bacteria	277	25	0	0	0	0	0	0	38	0	formate oxidation
GB_GCA_000091165.1	Methylomirabilia	Bacteria	277	1	0	0	0	0	0	0	0	0	methanol oxidation
GB_GCA_000989305.1	Microgenomatia	Bacteria	1796	0	0	0	0	0	0	0	0	0	sulfide oxidation
GB_GCA_000989305.1	Microgenomatia	Bacteria	1796	0	0	0	0	0	0	0	0	0	formate oxidation
GB_GCA_000398025.1	Minisyncoccia	Bacteria	3964	0	0	0	0	0	0	0	0	0	H2 oxidation
GB_GCA_000398025.1	Minisyncoccia	Bacteria	3964	0	0	0	0	0	0	0	0	0	sulfide oxidation
GB_GCA_000398025.1	Minisyncoccia	Bacteria	3964	0	0	0	0	0	0	0	0	0	sulfite oxidation
GB_GCA_000398025.1	Minisyncoccia	Bacteria	3964	0	0	0	0	0	0	0	0	0	CO oxidation
GB_GCA_000398025.1	Minisyncoccia	Bacteria	3964	0	0	0	0	0	0	0	0	0	formate oxidation
GB_GCA_000739515.1	Moduliflexia	Bacteria	16	1	0	1	0	0	0	0	1	1	H2 oxidation
GB_GCA_000739515.1	Moduliflexia	Bacteria	16	4	0	1	0	0	0	0	1	1	CO oxidation
GB_GCA_000739515.1	Moduliflexia	Bacteria	16	4	0	1	0	0	0	0	1	1	formate oxidation
GB_GCA_001875325.1	Moorellia	Bacteria	25	0	0	1	0	0	0	0	0	0	H2 oxidation
GB_GCA_001875325.1	Moorellia	Bacteria	25	0	0	10	0	0	0	0	8	0	sulfide oxidation
GB_GCA_001875325.1	Moorellia	Bacteria	25	0	0	1	0	0	0	0	0	0	sulfite oxidation
GB_GCA_001875325.1	Moorellia	Bacteria	25	0	0	1	0	0	0	0	0	0	CO oxidation
GB_GCA_001875325.1	Moorellia	Bacteria	25	0	0	5	0	0	0	0	3	0	formate oxidation
GB_GCA_001768075.1	Myxococcia	Bacteria	382	12	0	0	0	0	0	0	48	6	H2 oxidation
GB_GCA_001768075.1	Myxococcia	Bacteria	382	4	0	0	0	0	0	0	82	0	sulfide oxidation
GB_GCA_001768075.1	Myxococcia	Bacteria	382	0	0	0	0	0	0	0	0	0	sulfite oxidation
GB_GCA_001768075.1	Myxococcia	Bacteria	382	6	0	0	0	0	0	0	12	1	CO oxidation
GB_GCA_001768075.1	Myxococcia	Bacteria	382	0	0	1	0	0	0	0	52	0	formate oxidation
GB_GCA_003574845.1	NPL-UPA2	Bacteria	6	0	0	0	0	0	0	0	1	0	H2 oxidation
GB_GCA_003574845.1	NPL-UPA2	Bacteria	6	0	0	1	0	0	0	0	0	1	formate oxidation
RS_GCF_000020005.1	Natranaerobiia	Bacteria	6	0	0	1	0	0	0	0	2	0	formate oxidation
GB_GCA_000434475.1	Negativicutes	Bacteria	1087	0	0	27	0	0	0	0	58	12	H2 oxidation
GB_GCA_000434475.1	Negativicutes	Bacteria	1087	0	0	1	0	0	0	0	2	0	sulfide oxidation
GB_GCA_000434475.1	Negativicutes	Bacteria	1087	0	0	24	0	0	0	0	50	11	formate oxidation
GB_GCA_003021615.1	Nitriliruptoria	Bacteria	142	11	0	0	0	0	0	11	16	0	H2 oxidation
GB_GCA_003021615.1	Nitriliruptoria	Bacteria	142	5	0	0	0	0	0	19	17	0	sulfide oxidation
GB_GCA_003021615.1	Nitriliruptoria	Bacteria	142	10	0	0	0	0	0	32	34	0	CO oxidation
GB_GCA_003021615.1	Nitriliruptoria	Bacteria	142	1	0	0	0	0	0	11	8	0	formate oxidation
GB_GCA_000372225.1	Nitrospinia	Bacteria	96	0	0	0	0	0	0	0	4	0	H2 oxidation
GB_GCA_000372225.1	Nitrospinia	Bacteria	96	0	0	0	0	0	0	0	3	0	sulfide oxidation
GB_GCA_000196815.1	Nitrospiria	Bacteria	560	0	3	0	0	0	0	0	3	0	H2 oxidation
GB_GCA_000196815.1	Nitrospiria	Bacteria	560	1	137	3	0	0	0	0	133	0	sulfide oxidation
GB_GCA_000196815.1	Nitrospiria	Bacteria	560	0	6	0	0	0	0	0	4	0	CO oxidation
GB_GCA_000196815.1	Nitrospiria	Bacteria	560	1	127	2	0	0	0	0	124	0	formate oxidation
GB_GCA_001798265.1	O2-12-FULL-43-9	Bacteria	1	0	0	0	0	0	0	0	0	0	sulfide oxidation
GB_GCA_029260795.1	OFTM77	Bacteria	2	0	0	0	0	0	0	0	1	0	sulfide oxidation
GB_GCA_001789205.1	OXYB2-FULL-49-7	Bacteria	4	0	0	0	0	0	0	0	0	0	H2 oxidation
GB_GCA_002238945.1	Oligoflexia	Bacteria	180	0	0	0	0	0	0	0	0	0	H2 oxidation
GB_GCA_002238945.1	Oligoflexia	Bacteria	180	1	0	0	0	0	0	0	7	0	sulfide oxidation
GB_GCA_002238945.1	Oligoflexia	Bacteria	180	0	0	0	0	0	0	0	1	0	formate oxidation
GB_GCA_000405945.1	Omnitrophia	Bacteria	111	0	0	0	0	0	0	0	0	0	H2 oxidation
GB_GCA_000405945.1	Omnitrophia	Bacteria	111	0	0	0	0	0	0	0	0	0	sulfide oxidation
GB_GCA_013002425.1	Orphanbacteria	Bacteria	8	0	0	0	0	0	0	0	0	0	H2 oxidation
GB_GCA_013002425.1	Orphanbacteria	Bacteria	8	0	0	0	0	0	0	0	0	0	sulfide oxidation
GB_GCA_001787855.1	Ozemobacteria	Bacteria	50	0	0	0	0	0	0	0	8	0	H2 oxidation
GB_GCA_001787855.1	Ozemobacteria	Bacteria	50	0	0	1	0	0	0	0	1	0	formate oxidation
GB_GCA_002839855.1	PGYV01	Bacteria	25	0	0	0	0	0	0	0	0	0	H2 oxidation
GB_GCA_002839855.1	PGYV01	Bacteria	25	0	0	0	0	0	0	0	0	0	formate oxidation
GB_GCA_000987045.1	PH28-bin88	Bacteria	4	0	0	1	0	0	0	0	1	0	sulfide oxidation
GB_GCA_000987045.1	PH28-bin88	Bacteria	4	0	0	1	0	0	0	0	1	0	sulfite oxidation
GB_GCA_000987045.1	PH28-bin88	Bacteria	4	0	0	2	0	0	0	0	2	0	formate oxidation
GB_GCA_011525755.1	PLA2	Bacteria	34	0	0	0	0	0	0	0	1	7	H2 oxidation
GB_GCA_011525755.1	PLA2	Bacteria	34	0	0	0	0	0	0	0	0	1	sulfide oxidation
GB_GCA_011525755.1	PLA2	Bacteria	34	0	0	0	0	0	0	0	0	1	sulfite oxidation
GB_GCA_011525755.1	PLA2	Bacteria	34	0	0	0	0	0	0	0	5	28	formate oxidation
GB_GCA_003553185.1	PUPC01	Bacteria	32	0	0	8	0	0	0	0	6	11	H2 oxidation
GB_GCA_003553185.1	PUPC01	Bacteria	32	0	0	5	0	0	0	0	1	11	formate oxidation
GB_GCA_003136635.1	Palsa-1180	Bacteria	25	0	0	1	0	0	0	0	0	0	H2 oxidation
GB_GCA_003136635.1	Palsa-1180	Bacteria	25	0	0	0	0	0	0	0	0	0	sulfide oxidation
GB_GCA_000990355.1	Patescibacteriia	Bacteria	1815	0	0	0	0	0	0	0	0	0	sulfide oxidation
GB_GCA_000990355.1	Patescibacteriia	Bacteria	1815	0	0	0	0	0	0	0	0	0	formate oxidation
GB_GCA_000802045.1	Peptococcia	Bacteria	92	0	0	2	0	0	0	0	3	0	sulfide oxidation
GB_GCA_000802045.1	Peptococcia	Bacteria	92	0	0	2	0	0	0	0	9	0	formate oxidation
GB_GCA_001303465.1	Phycisphaerae	Bacteria	2031	0	0	58	0	0	0	0	135	84	H2 oxidation
GB_GCA_001303465.1	Phycisphaerae	Bacteria	2031	0	0	3	0	0	0	0	4	1	sulfide oxidation
GB_GCA_001303465.1	Phycisphaerae	Bacteria	2031	0	0	0	0	0	0	0	2	0	sulfite oxidation
GB_GCA_001303465.1	Phycisphaerae	Bacteria	2031	0	0	0	0	0	0	0	0	0	CO oxidation
GB_GCA_001303465.1	Phycisphaerae	Bacteria	2031	0	0	152	0	0	0	0	93	97	formate oxidation
GB_GCA_000531095.1	Planctomycetia	Bacteria	2293	3	0	2	0	0	0	0	74	0	H2 oxidation
GB_GCA_000531095.1	Planctomycetia	Bacteria	2293	0	0	0	0	0	0	0	129	0	sulfide oxidation
GB_GCA_000531095.1	Planctomycetia	Bacteria	2293	0	0	0	0	0	0	0	1	0	sulfite oxidation
GB_GCA_000531095.1	Planctomycetia	Bacteria	2293	2	0	0	0	0	0	0	1	0	CO oxidation
GB_GCA_000531095.1	Planctomycetia	Bacteria	2293	4	0	3	0	0	0	0	186	19	formate oxidation
GB_GCA_001664505.1	Polarisedimenticolia	Bacteria	150	0	0	0	0	0	0	0	3	0	H2 oxidation
GB_GCA_001664505.1	Polarisedimenticolia	Bacteria	150	0	0	0	0	0	0	0	3	0	sulfide oxidation
GB_GCA_001664505.1	Polarisedimenticolia	Bacteria	150	0	0	0	0	0	0	0	1	0	sulfite oxidation
GB_GCA_001664505.1	Polarisedimenticolia	Bacteria	150	0	0	0	0	0	0	0	0	0	CO oxidation
GB_GCA_001664505.1	Polarisedimenticolia	Bacteria	150	0	0	0	0	0	0	0	4	0	formate oxidation
GB_GCA_001303415.1	Polyangia	Bacteria	1189	7	0	4	0	0	0	23	40	1	H2 oxidation
GB_GCA_001303415.1	Polyangia	Bacteria	1189	5	0	3	0	0	0	22	87	0	sulfide oxidation
GB_GCA_001303415.1	Polyangia	Bacteria	1189	0	0	0	0	0	0	0	0	0	sulfite oxidation
GB_GCA_001303415.1	Polyangia	Bacteria	1189	4	0	0	0	0	0	15	16	1	CO oxidation
GB_GCA_001303415.1	Polyangia	Bacteria	1189	1	0	10	0	0	0	3	72	0	formate oxidation
GB_GCA_002397155.1	Proteinivoracia	Bacteria	18	0	0	0	0	0	0	0	0	0	formate oxidation
GB_GCA_003645915.1	QNDG01	Bacteria	52	0	0	3	0	0	0	0	13	0	H2 oxidation
GB_GCA_003645915.1	QNDG01	Bacteria	52	0	0	0	0	0	0	0	3	0	sulfide oxidation
GB_GCA_003645915.1	QNDG01	Bacteria	52	0	0	2	0	0	0	0	4	0	formate oxidation
GB_GCA_007280345.1	QYQD01	Bacteria	10	0	0	8	0	0	0	0	0	8	formate oxidation
GB_GCA_001797675.1	RBG-13-43-22	Bacteria	13	0	0	7	0	0	0	0	5	0	H2 oxidation
GB_GCA_001797675.1	RBG-13-43-22	Bacteria	13	0	0	1	0	0	0	0	0	0	sulfide oxidation
GB_GCA_001797675.1	RBG-13-43-22	Bacteria	13	0	0	6	0	0	0	0	4	0	formate oxidation
GB_GCA_001797815.1	RBG-13-61-14	Bacteria	21	0	0	7	0	0	0	0	3	0	H2 oxidation
GB_GCA_001797815.1	RBG-13-61-14	Bacteria	21	0	0	0	0	0	0	0	0	0	sulfide oxidation
GB_GCA_001797815.1	RBG-13-61-14	Bacteria	21	0	0	12	0	0	0	0	10	0	formate oxidation
GB_GCA_001774505.1	RBG-13-66-14	Bacteria	11	0	0	0	0	0	0	0	0	0	H2 oxidation
GB_GCA_001803795.1	RBG-16-64-22	Bacteria	3	0	0	0	0	0	0	0	1	0	sulfide oxidation
GB_GCA_001803795.1	RBG-16-64-22	Bacteria	3	0	0	0	0	0	0	0	0	0	formate oxidation
GB_GCA_001780165.1	RBG-16-71-46	Bacteria	205	0	0	0	0	0	0	0	0	0	H2 oxidation
GB_GCA_001780165.1	RBG-16-71-46	Bacteria	205	0	0	0	0	0	0	0	1	0	sulfide oxidation
GB_GCA_001780165.1	RBG-16-71-46	Bacteria	205	0	0	0	0	0	0	0	0	0	sulfite oxidation
GB_GCA_001780165.1	RBG-16-71-46	Bacteria	205	0	0	0	0	0	0	0	0	0	CO oxidation
GB_GCA_001780165.1	RBG-16-71-46	Bacteria	205	0	0	0	0	0	0	0	1	0	formate oxidation
GB_GCA_014896375.1	RBS10-35	Bacteria	14	0	0	0	0	0	0	0	1	0	sulfide oxidation
GB_GCA_014896375.1	RBS10-35	Bacteria	14	0	0	0	0	0	0	0	1	0	CO oxidation
GB_GCA_003818605.1	RPQS01	Bacteria	32	0	0	0	0	0	0	0	0	0	H2 oxidation
GB_GCA_003818605.1	RPQS01	Bacteria	32	0	0	1	0	0	0	0	0	0	sulfide oxidation
GB_GCA_003818605.1	RPQS01	Bacteria	32	0	0	0	0	0	0	0	0	0	CO oxidation
GB_GCA_003818605.1	RPQS01	Bacteria	32	0	0	0	0	0	0	0	0	0	formate oxidation
GB_GCA_001314545.1	Rhodothermia	Bacteria	624	0	0	0	0	0	0	0	3	0	H2 oxidation
GB_GCA_001314545.1	Rhodothermia	Bacteria	624	4	0	0	0	0	0	0	55	0	sulfide oxidation
GB_GCA_001314545.1	Rhodothermia	Bacteria	624	0	0	0	0	0	0	0	0	0	sulfite oxidation
GB_GCA_001314545.1	Rhodothermia	Bacteria	624	1	0	0	0	0	0	0	2	0	CO oxidation
GB_GCA_001314545.1	Rhodothermia	Bacteria	624	0	0	0	0	0	0	0	1	0	formate oxidation
GB_GCA_001783275.1	Riflemargulisbacteria	Bacteria	13	0	0	0	0	0	0	0	0	0	H2 oxidation
GB_GCA_001783275.1	Riflemargulisbacteria	Bacteria	13	0	0	0	0	0	0	0	0	0	sulfide oxidation
GB_GCA_001783275.1	Riflemargulisbacteria	Bacteria	13	0	0	0	0	0	0	0	0	0	formate oxidation
GB_GCA_004563715.1	Rubrobacteria	Bacteria	83	2	0	0	0	0	0	0	4	0	H2 oxidation
GB_GCA_004563715.1	Rubrobacteria	Bacteria	83	1	0	0	0	0	0	0	2	0	sulfide oxidation
GB_GCA_004563715.1	Rubrobacteria	Bacteria	83	6	0	0	0	0	0	0	9	0	CO oxidation
GB_GCA_004563715.1	Rubrobacteria	Bacteria	83	6	0	0	0	0	0	0	3	0	formate oxidation
GB_GCA_015493505.1	S145-22	Bacteria	14	0	0	1	0	0	0	0	1	0	H2 oxidation
GB_GCA_015493505.1	S145-22	Bacteria	14	0	0	3	0	0	0	0	3	0	formate oxidation
GB_GCA_000224765.2	SAR324	Bacteria	86	4	0	8	0	0	0	3	12	1	H2 oxidation
GB_GCA_000224765.2	SAR324	Bacteria	86	6	0	2	0	0	0	1	7	0	sulfide oxidation
GB_GCA_000224765.2	SAR324	Bacteria	86	0	0	0	0	0	0	0	0	0	sulfite oxidation
GB_GCA_000224765.2	SAR324	Bacteria	86	10	0	1	0	0	0	3	26	3	CO oxidation
GB_GCA_000224765.2	SAR324	Bacteria	86	11	0	1	0	0	0	2	27	3	formate oxidation
GB_GCA_005239795.1	SBBH01	Bacteria	5	0	0	0	0	0	0	0	0	0	formate oxidation
GB_GCA_001412365.1	SDB-A	Bacteria	6	0	0	0	0	0	0	0	0	0	formate oxidation
GB_GCA_002398515.1	SHA-98	Bacteria	19	0	0	4	0	0	0	0	5	0	sulfide oxidation
GB_GCA_002398515.1	SHA-98	Bacteria	19	0	0	6	0	0	0	0	6	0	formate oxidation
GB_GCA_026418755.1	SKW154	Bacteria	10	0	0	5	0	0	0	0	4	0	formate oxidation
GB_GCA_003553445.1	SLGR01	Bacteria	9	0	0	0	0	0	0	0	0	0	H2 oxidation
GB_GCA_003551215.1	SLMV01	Bacteria	11	0	0	0	0	0	0	0	1	0	H2 oxidation
GB_GCA_003551215.1	SLMV01	Bacteria	11	0	0	3	0	0	0	0	4	0	formate oxidation
GB_GCA_007132905.1	SLNR01	Bacteria	5	0	0	0	0	0	0	0	0	0	H2 oxidation
GB_GCA_007132905.1	SLNR01	Bacteria	5	0	0	0	0	0	0	0	0	0	formate oxidation
GB_GCA_001304035.1	SM23-31	Bacteria	9	0	0	1	0	0	0	0	0	0	H2 oxidation
GB_GCA_001304035.1	SM23-31	Bacteria	9	0	0	0	0	0	0	0	0	0	formate oxidation
GB_GCA_001304105.1	SM23-61	Bacteria	26	0	0	4	0	0	0	0	5	0	H2 oxidation
GB_GCA_001304105.1	SM23-61	Bacteria	26	0	0	1	0	0	0	0	0	0	sulfide oxidation
GB_GCA_001304105.1	SM23-61	Bacteria	26	0	0	2	0	0	0	0	1	0	sulfite oxidation
GB_GCA_001304105.1	SM23-61	Bacteria	26	0	0	5	0	0	0	0	7	0	CO oxidation
GB_GCA_001304105.1	SM23-61	Bacteria	26	0	0	11	0	0	0	0	13	0	formate oxidation
GB_GCA_004402895.1	SORT01	Bacteria	8	0	0	0	0	0	0	0	0	0	sulfide oxidation
GB_GCA_004402895.1	SORT01	Bacteria	8	0	0	0	0	0	0	0	0	0	CO oxidation
GB_GCA_003598055.1	SURF-5	Bacteria	9	0	0	1	0	0	0	0	1	0	H2 oxidation
GB_GCA_003598055.1	SURF-5	Bacteria	9	0	0	7	0	0	0	0	6	0	formate oxidation
GB_GCA_003598065.1	SURF-8	Bacteria	10	0	0	3	0	0	0	0	3	0	H2 oxidation
GB_GCA_003598065.1	SURF-8	Bacteria	10	0	0	1	0	0	0	0	1	0	sulfide oxidation
GB_GCA_003598065.1	SURF-8	Bacteria	10	0	0	3	0	0	0	0	3	0	formate oxidation
GB_GCA_005798285.1	SYMT01	Bacteria	9	0	0	0	0	0	0	0	1	0	sulfide oxidation
GB_GCA_005798285.1	SYMT01	Bacteria	9	0	0	0	0	0	0	0	6	0	formate oxidation
GB_GCA_003230535.1	SZUA-182	Bacteria	14	0	0	7	0	0	0	0	2	0	H2 oxidation
GB_GCA_003230535.1	SZUA-182	Bacteria	14	0	0	10	0	0	0	0	1	0	formate oxidation
GB_GCA_003229375.1	SZUA-224	Bacteria	2	0	0	0	0	0	0	0	0	0	sulfide oxidation
GB_GCA_002699105.1	SZUA-365	Bacteria	28	0	0	0	0	0	0	0	0	0	H2 oxidation
GB_GCA_002699105.1	SZUA-365	Bacteria	28	0	0	0	0	0	0	0	0	0	sulfide oxidation
GB_GCA_003245715.1	SZUA-567	Bacteria	67	0	0	1	0	0	0	0	6	10	H2 oxidation
GB_GCA_003245715.1	SZUA-567	Bacteria	67	0	0	0	0	0	0	0	0	0	CO oxidation
GB_GCA_003245715.1	SZUA-567	Bacteria	67	0	0	1	0	0	0	0	7	4	formate oxidation
GB_GCA_003232385.1	SZUA-79	Bacteria	32	0	0	0	0	0	0	0	0	0	sulfide oxidation
GB_GCA_003232385.1	SZUA-79	Bacteria	32	0	0	0	0	0	0	0	0	0	formate oxidation
GB_GCA_000503915.1	Saccharimonadia	Bacteria	3696	0	0	0	0	0	0	0	0	0	H2 oxidation
GB_GCA_000503915.1	Saccharimonadia	Bacteria	3696	0	0	0	0	0	0	0	0	0	sulfide oxidation
GB_GCA_000503915.1	Saccharimonadia	Bacteria	3696	0	0	0	0	0	0	0	0	0	sulfite oxidation
GB_GCA_000503915.1	Saccharimonadia	Bacteria	3696	0	0	0	0	0	0	0	0	0	CO oxidation
GB_GCA_000503915.1	Saccharimonadia	Bacteria	3696	0	0	0	0	0	0	0	0	0	formate oxidation
GB_GCA_002083825.1	Sericytochromatia	Bacteria	49	0	0	0	0	0	0	0	2	0	sulfide oxidation
GB_GCA_002083825.1	Sericytochromatia	Bacteria	49	0	0	0	0	0	0	0	1	0	formate oxidation
GB_GCA_016218965.1	SpSt-1050	Bacteria	8	0	0	1	0	0	0	0	0	0	formate oxidation
GB_GCA_022704525.1	SpSt-956	Bacteria	5	0	0	0	0	0	0	0	0	0	H2 oxidation
GB_GCA_000413015.1	Spirochaetia	Bacteria	1551	1	0	35	0	0	0	0	59	22	H2 oxidation
GB_GCA_000413015.1	Spirochaetia	Bacteria	1551	0	0	7	0	0	0	0	14	5	sulfide oxidation
GB_GCA_000413015.1	Spirochaetia	Bacteria	1551	0	0	0	0	0	0	0	1	0	CO oxidation
GB_GCA_000413015.1	Spirochaetia	Bacteria	1551	0	0	34	0	0	0	0	72	14	formate oxidation
GB_GCA_000237975.1	Sulfobacillia	Bacteria	39	3	0	0	0	0	0	0	0	0	H2 oxidation
GB_GCA_000237975.1	Sulfobacillia	Bacteria	39	14	0	0	0	0	0	0	0	1	sulfide oxidation
GB_GCA_000237975.1	Sulfobacillia	Bacteria	39	14	0	0	0	0	0	0	0	0	sulfite oxidation
GB_GCA_000237975.1	Sulfobacillia	Bacteria	39	13	0	0	0	0	0	0	0	0	CO oxidation
GB_GCA_000237975.1	Sulfobacillia	Bacteria	39	10	0	0	0	0	0	0	0	0	formate oxidation
GB_GCA_002068205.1	Sumerlaeia	Bacteria	87	0	0	4	0	0	0	0	5	0	H2 oxidation
GB_GCA_002068205.1	Sumerlaeia	Bacteria	87	0	0	0	0	0	0	0	0	0	sulfide oxidation
GB_GCA_002068205.1	Sumerlaeia	Bacteria	87	0	0	0	0	0	0	0	0	0	CO oxidation
GB_GCA_002068205.1	Sumerlaeia	Bacteria	87	0	0	2	0	0	0	0	1	1	formate oxidation
GB_GCA_003242505.1	Symbiobacteriia	Bacteria	22	0	0	0	0	0	0	0	1	0	H2 oxidation
GB_GCA_003242505.1	Symbiobacteriia	Bacteria	22	1	0	0	0	0	0	0	8	1	sulfide oxidation
GB_GCA_003242505.1	Symbiobacteriia	Bacteria	22	1	0	0	0	0	0	0	11	0	CO oxidation
GB_GCA_003242505.1	Symbiobacteriia	Bacteria	22	1	0	0	0	0	0	0	15	0	formate oxidation
GB_GCA_000233775.1	Synergistia	Bacteria	306	0	0	1	0	0	0	0	32	0	H2 oxidation
GB_GCA_000233775.1	Synergistia	Bacteria	306	0	0	0	0	0	0	0	0	0	CO oxidation
GB_GCA_000233775.1	Synergistia	Bacteria	306	0	0	0	0	0	0	0	17	0	formate oxidation
GB_GCA_000747625.2	Syntrophia	Bacteria	383	0	0	13	0	0	0	0	32	0	H2 oxidation
GB_GCA_000747625.2	Syntrophia	Bacteria	383	0	0	0	0	0	0	0	1	0	sulfide oxidation
GB_GCA_000747625.2	Syntrophia	Bacteria	383	0	0	2	0	0	0	0	2	0	sulfite oxidation
GB_GCA_000747625.2	Syntrophia	Bacteria	383	0	0	1	0	0	0	0	0	0	CO oxidation
GB_GCA_000747625.2	Syntrophia	Bacteria	383	0	0	26	0	0	0	0	42	0	formate oxidation
GB_GCA_001603845.1	Syntrophobacteria	Bacteria	117	0	0	69	0	0	0	0	35	3	H2 oxidation
GB_GCA_001603845.1	Syntrophobacteria	Bacteria	117	0	0	16	0	0	0	0	5	12	sulfide oxidation
GB_GCA_001603845.1	Syntrophobacteria	Bacteria	117	0	0	3	0	0	0	0	2	0	sulfite oxidation
GB_GCA_001603845.1	Syntrophobacteria	Bacteria	117	0	0	77	0	0	0	0	34	10	formate oxidation
GB_GCA_001512495.1	Syntrophomonadia	Bacteria	122	0	0	0	0	0	0	0	10	0	H2 oxidation
GB_GCA_001512495.1	Syntrophomonadia	Bacteria	122	0	0	0	0	0	0	0	1	0	sulfite oxidation
GB_GCA_001512495.1	Syntrophomonadia	Bacteria	122	0	0	0	0	0	0	0	59	0	formate oxidation
GB_GCA_001603955.1	Syntrophorhabdia	Bacteria	103	0	0	6	0	0	0	0	0	0	H2 oxidation
GB_GCA_001603955.1	Syntrophorhabdia	Bacteria	103	0	0	6	0	0	0	0	0	0	sulfide oxidation
GB_GCA_001603955.1	Syntrophorhabdia	Bacteria	103	0	0	2	0	0	0	0	0	0	sulfite oxidation
GB_GCA_001603955.1	Syntrophorhabdia	Bacteria	103	0	0	40	0	0	0	0	1	0	formate oxidation
GB_GCA_001443485.1	Sysuimicrobiia	Bacteria	106	0	0	0	0	0	0	0	0	0	H2 oxidation
GB_GCA_001443485.1	Sysuimicrobiia	Bacteria	106	7	0	13	0	0	0	2	11	0	sulfide oxidation
GB_GCA_001443485.1	Sysuimicrobiia	Bacteria	106	5	0	0	0	0	0	0	0	0	sulfite oxidation
GB_GCA_001443485.1	Sysuimicrobiia	Bacteria	106	7	0	14	0	0	0	2	13	0	CO oxidation
GB_GCA_001443485.1	Sysuimicrobiia	Bacteria	106	1	0	13	0	0	0	0	10	0	formate oxidation
GB_GCA_003554945.1	T1Sed10-126	Bacteria	9	0	0	0	0	0	0	0	0	0	H2 oxidation
GB_GCA_003554945.1	T1Sed10-126	Bacteria	9	0	0	0	0	0	0	0	0	0	CO oxidation
GB_GCA_003560935.1	T3Sed10-11	Bacteria	8	0	0	0	0	0	0	0	0	0	H2 oxidation
GB_GCA_003560935.1	T3Sed10-11	Bacteria	8	0	0	0	0	0	0	0	0	0	sulfide oxidation
GB_GCA_003560935.1	T3Sed10-11	Bacteria	8	0	0	0	0	0	0	0	0	0	formate oxidation
GB_GCA_002418765.1	TC1	Bacteria	23	0	0	0	0	0	0	0	13	0	formate oxidation
GB_GCA_000381585.1	Terriglobia	Bacteria	2679	39	0	16	0	0	0	1	112	21	H2 oxidation
GB_GCA_000381585.1	Terriglobia	Bacteria	2679	2	0	8	0	0	0	0	25	4	sulfide oxidation
GB_GCA_000381585.1	Terriglobia	Bacteria	2679	1	0	0	0	0	0	0	0	0	sulfite oxidation
GB_GCA_000381585.1	Terriglobia	Bacteria	2679	15	0	4	0	0	0	0	106	8	CO oxidation
GB_GCA_000381585.1	Terriglobia	Bacteria	2679	1	0	1	0	0	0	0	100	35	formate oxidation
GB_GCA_003242195.1	Thermaerobacteria	Bacteria	8	0	0	0	0	0	0	0	0	0	H2 oxidation
GB_GCA_003242195.1	Thermaerobacteria	Bacteria	8	0	0	0	0	0	0	0	0	0	sulfide oxidation
GB_GCA_003242195.1	Thermaerobacteria	Bacteria	8	0	0	0	0	0	0	0	0	0	CO oxidation
GB_GCA_002339745.1	Thermincolia	Bacteria	11	0	0	5	0	0	0	0	3	0	H2 oxidation
GB_GCA_002339745.1	Thermincolia	Bacteria	11	0	0	6	0	0	0	0	3	0	formate oxidation
GB_GCA_000747665.1	Thermoanaerobacteria	Bacteria	41	0	0	2	0	0	0	0	1	0	formate oxidation
GB_GCA_001766905.1	Thermoanaerobaculia	Bacteria	711	2	0	3	0	0	0	0	82	0	H2 oxidation
GB_GCA_001766905.1	Thermoanaerobaculia	Bacteria	711	0	0	0	0	0	0	0	35	0	sulfide oxidation
GB_GCA_001766905.1	Thermoanaerobaculia	Bacteria	711	0	0	0	0	0	0	0	122	0	CO oxidation
GB_GCA_001766905.1	Thermoanaerobaculia	Bacteria	711	0	0	1	0	0	0	0	58	0	formate oxidation
GB_GCA_002441555.1	Thermodesulfobacteria	Bacteria	69	0	0	46	0	0	0	0	0	0	H2 oxidation
GB_GCA_002441555.1	Thermodesulfobacteria	Bacteria	69	0	0	2	0	0	0	0	1	0	sulfide oxidation
GB_GCA_002441555.1	Thermodesulfobacteria	Bacteria	69	0	0	2	0	0	0	0	0	0	sulfite oxidation
GB_GCA_002441555.1	Thermodesulfobacteria	Bacteria	69	0	0	26	0	0	0	0	0	0	formate oxidation
GB_GCA_021783475.1	Thermodesulfobiia	Bacteria	5	4	0	0	0	0	0	0	4	0	sulfide oxidation
GB_GCA_021783475.1	Thermodesulfobiia	Bacteria	5	4	0	0	0	0	0	0	4	0	formate oxidation
GB_GCA_001803635.1	Thermodesulfovibrionia	Bacteria	444	2	0	72	0	0	0	0	1	2	H2 oxidation
GB_GCA_001803635.1	Thermodesulfovibrionia	Bacteria	444	0	0	172	0	0	0	0	1	18	sulfide oxidation
GB_GCA_001803635.1	Thermodesulfovibrionia	Bacteria	444	0	0	17	0	0	0	0	0	4	sulfite oxidation
GB_GCA_001803635.1	Thermodesulfovibrionia	Bacteria	444	0	0	1	0	0	0	0	0	0	CO oxidation
GB_GCA_001803635.1	Thermodesulfovibrionia	Bacteria	444	3	0	163	0	0	0	0	1	18	formate oxidation
GB_GCA_001464275.1	Thermoleophilia	Bacteria	1735	92	0	46	0	0	0	95	107	83	H2 oxidation
GB_GCA_001464275.1	Thermoleophilia	Bacteria	1735	44	0	39	0	0	0	78	112	56	sulfide oxidation
GB_GCA_001464275.1	Thermoleophilia	Bacteria	1735	0	0	4	0	0	0	1	5	7	sulfite oxidation
GB_GCA_001464275.1	Thermoleophilia	Bacteria	1735	133	0	0	0	0	0	165	171	0	CO oxidation
GB_GCA_001464275.1	Thermoleophilia	Bacteria	1735	68	0	44	0	0	0	91	159	76	formate oxidation
GB_GCA_001512695.1	Thermosediminibacteria	Bacteria	29	0	0	2	0	0	0	0	0	1	sulfide oxidation
GB_GCA_003648675.1	Thermosulfidibacteria	Bacteria	18	0	0	0	0	0	0	0	0	0	H2 oxidation
GB_GCA_003648675.1	Thermosulfidibacteria	Bacteria	18	0	0	0	0	0	0	0	0	0	CO oxidation
GB_GCA_002071085.1	Thermotogae	Bacteria	158	0	0	0	0	0	0	0	0	2	H2 oxidation
GB_GCA_002071085.1	Thermotogae	Bacteria	158	0	0	0	0	0	0	0	4	0	sulfide oxidation
GB_GCA_002071085.1	Thermotogae	Bacteria	158	0	0	0	0	0	0	0	14	0	formate oxidation
GB_GCA_012729785.1	Tritonobacteria	Bacteria	13	0	0	3	0	0	0	0	0	0	H2 oxidation
GB_GCA_001802945.1	UBA10030	Bacteria	301	0	0	4	0	0	0	0	12	0	H2 oxidation
GB_GCA_001802945.1	UBA10030	Bacteria	301	0	0	1	0	0	0	0	4	0	sulfide oxidation
GB_GCA_001802945.1	UBA10030	Bacteria	301	0	0	0	0	0	0	0	0	0	CO oxidation
GB_GCA_001802945.1	UBA10030	Bacteria	301	0	0	0	0	0	0	0	0	0	formate oxidation
GB_GCA_001769805.1	UBA1018	Bacteria	142	0	0	0	0	0	0	0	4	0	H2 oxidation
GB_GCA_001769805.1	UBA1018	Bacteria	142	0	0	0	0	0	0	0	1	0	sulfide oxidation
GB_GCA_001769805.1	UBA1018	Bacteria	142	0	0	0	0	0	0	0	4	0	formate oxidation
GB_GCA_001797365.1	UBA10199	Bacteria	116	0	0	0	0	0	0	0	0	0	H2 oxidation
GB_GCA_001797365.1	UBA10199	Bacteria	116	0	0	0	0	0	0	0	0	0	sulfide oxidation
GB_GCA_001797365.1	UBA10199	Bacteria	116	0	0	0	0	0	0	0	0	0	formate oxidation
GB_GCA_002409445.1	UBA10988	Bacteria	7	0	0	0	0	0	0	0	3	1	H2 oxidation
GB_GCA_003136555.1	UBA11346	Bacteria	40	0	0	0	0	0	0	0	1	0	H2 oxidation
GB_GCA_002311925.1	UBA1135	Bacteria	354	0	0	0	0	0	0	0	17	0	H2 oxidation
GB_GCA_002311925.1	UBA1135	Bacteria	354	0	0	0	0	0	0	0	29	0	sulfide oxidation
GB_GCA_002311925.1	UBA1135	Bacteria	354	0	0	0	0	0	0	0	1	0	sulfite oxidation
GB_GCA_002311925.1	UBA1135	Bacteria	354	0	0	0	0	0	0	0	2	0	CO oxidation
GB_GCA_002311925.1	UBA1135	Bacteria	354	0	0	0	0	0	0	0	102	2	formate oxidation
GB_GCA_001443445.1	UBA1144	Bacteria	132	0	0	0	0	0	0	0	0	0	H2 oxidation
GB_GCA_001443445.1	UBA1144	Bacteria	132	0	0	0	0	0	0	0	0	0	sulfide oxidation
GB_GCA_001443445.1	UBA1144	Bacteria	132	0	0	0	0	0	0	0	0	0	formate oxidation
GB_GCA_002309575.1	UBA1177	Bacteria	54	0	0	0	0	0	0	0	0	0	H2 oxidation
GB_GCA_002309575.1	UBA1177	Bacteria	54	0	0	0	0	0	0	0	0	0	formate oxidation
GB_GCA_002433065.1	UBA11872	Bacteria	70	0	0	0	0	0	0	0	0	0	sulfide oxidation
GB_GCA_002433065.1	UBA11872	Bacteria	70	0	0	0	0	0	0	0	2	0	CO oxidation
GB_GCA_002433065.1	UBA11872	Bacteria	70	0	0	0	0	0	0	0	24	0	formate oxidation
GB_GCA_003497555.1	UBA12135	Bacteria	7	0	0	0	0	0	0	0	0	0	H2 oxidation
GB_GCA_003497555.1	UBA12135	Bacteria	7	0	0	0	0	0	0	0	0	0	sulfide oxidation
GB_GCA_000991185.1	UBA1384	Bacteria	200	0	0	0	0	0	0	0	0	0	sulfide oxidation
GB_GCA_001871015.1	UBA1551	Bacteria	3	0	0	3	0	0	0	0	1	3	H2 oxidation
GB_GCA_001871015.1	UBA1551	Bacteria	3	0	0	1	0	0	0	0	0	1	formate oxidation
GB_GCA_002352935.1	UBA1874	Bacteria	1	0	0	1	0	0	0	0	0	0	sulfide oxidation
GB_GCA_002347965.1	UBA2233	Bacteria	2	0	0	0	0	0	0	0	2	0	formate oxidation
GB_GCA_002347925.1	UBA2235	Bacteria	25	0	0	0	0	0	0	0	0	0	H2 oxidation
GB_GCA_002347925.1	UBA2235	Bacteria	25	0	0	0	0	0	0	0	0	0	sulfide oxidation
GB_GCA_002347925.1	UBA2235	Bacteria	25	0	0	0	0	0	0	0	0	0	CO oxidation
GB_GCA_002347925.1	UBA2235	Bacteria	25	0	0	0	0	0	0	0	0	0	formate oxidation
GB_GCA_002347855.1	UBA2242	Bacteria	48	0	0	0	0	0	0	0	7	0	H2 oxidation
GB_GCA_002347855.1	UBA2242	Bacteria	48	0	0	0	0	0	0	0	4	0	sulfide oxidation
GB_GCA_002347855.1	UBA2242	Bacteria	48	0	0	0	0	0	0	0	0	0	formate oxidation
GB_GCA_002343185.1	UBA2361	Bacteria	172	0	0	0	0	0	0	0	0	0	H2 oxidation
GB_GCA_002343185.1	UBA2361	Bacteria	172	0	0	0	0	0	0	0	0	0	sulfide oxidation
GB_GCA_002343185.1	UBA2361	Bacteria	172	0	0	0	0	0	0	0	0	0	formate oxidation
GB_GCA_009991595.1	UBA2428	Bacteria	40	0	0	0	0	0	0	0	0	0	sulfide oxidation
GB_GCA_002433075.1	UBA2968	Bacteria	132	0	0	2	0	0	0	0	2	0	H2 oxidation
GB_GCA_002433075.1	UBA2968	Bacteria	132	0	0	0	0	0	0	0	1	1	sulfide oxidation
GB_GCA_002433075.1	UBA2968	Bacteria	132	0	0	2	0	0	0	0	9	4	CO oxidation
GB_GCA_002433075.1	UBA2968	Bacteria	132	0	0	3	0	0	0	0	3	0	formate oxidation
GB_GCA_002366995.1	UBA3054	Bacteria	27	0	0	0	0	0	0	0	0	0	H2 oxidation
GB_GCA_002215665.1	UBA3072	Bacteria	27	0	0	0	0	0	0	0	6	0	H2 oxidation
GB_GCA_002256535.1	UBA3073	Bacteria	24	0	0	0	0	0	0	0	1	0	H2 oxidation
GB_GCA_002376005.1	UBA3561	Bacteria	1	0	0	1	0	0	0	0	1	0	formate oxidation
GB_GCA_002375895.1	UBA3569	Bacteria	1	0	0	1	0	0	0	0	1	0	formate oxidation
GB_GCA_004367365.1	UBA3575	Bacteria	2	0	0	1	0	0	0	0	1	0	H2 oxidation
GB_GCA_002382735.1	UBA4055	Bacteria	18	0	0	0	0	0	0	0	0	0	formate oxidation
GB_GCA_002428325.1	UBA4092	Bacteria	3	0	0	0	0	0	0	0	0	0	H2 oxidation
GB_GCA_023381555.1	UBA4733	Bacteria	4	0	0	0	0	0	0	0	0	0	H2 oxidation
GB_GCA_023381555.1	UBA4733	Bacteria	4	0	0	0	0	0	0	0	0	0	sulfide oxidation
GB_GCA_023381555.1	UBA4733	Bacteria	4	0	0	0	0	0	0	0	0	0	CO oxidation
GB_GCA_002413185.1	UBA4738	Bacteria	189	0	0	0	0	0	0	3	8	0	H2 oxidation
GB_GCA_002413185.1	UBA4738	Bacteria	189	8	0	0	0	0	0	30	83	0	sulfide oxidation
GB_GCA_002413185.1	UBA4738	Bacteria	189	0	0	0	0	0	0	0	1	0	sulfite oxidation
GB_GCA_002413185.1	UBA4738	Bacteria	189	8	0	0	0	0	0	36	120	0	CO oxidation
GB_GCA_002413185.1	UBA4738	Bacteria	189	0	0	0	0	0	0	2	10	0	formate oxidation
GB_GCA_001829455.1	UBA4802	Bacteria	120	0	0	29	0	0	0	0	32	0	H2 oxidation
GB_GCA_001829455.1	UBA4802	Bacteria	120	0	0	6	0	0	0	0	2	0	sulfide oxidation
GB_GCA_001829455.1	UBA4802	Bacteria	120	0	0	1	0	0	0	0	1	0	sulfite oxidation
GB_GCA_001829455.1	UBA4802	Bacteria	120	0	0	22	0	0	0	0	20	2	formate oxidation
GB_GCA_002402325.1	UBA4820	Bacteria	32	0	0	0	0	0	0	0	0	1	H2 oxidation
GB_GCA_002402325.1	UBA4820	Bacteria	32	0	0	0	0	0	0	0	0	0	sulfide oxidation
GB_GCA_002402325.1	UBA4820	Bacteria	32	0	0	0	0	0	0	0	0	0	formate oxidation
GB_GCA_002385625.1	UBA4882	Bacteria	59	0	0	0	0	0	0	0	21	7	H2 oxidation
GB_GCA_002385625.1	UBA4882	Bacteria	59	0	0	0	0	0	0	0	2	0	sulfide oxidation
GB_GCA_003244175.1	UBA5177	Bacteria	26	1	0	0	0	0	0	0	1	0	H2 oxidation
GB_GCA_003244175.1	UBA5177	Bacteria	26	0	0	0	0	0	0	0	0	0	sulfide oxidation
GB_GCA_003244175.1	UBA5177	Bacteria	26	1	0	0	0	0	0	0	1	0	CO oxidation
GB_GCA_003244175.1	UBA5177	Bacteria	26	1	0	0	0	0	0	0	1	0	formate oxidation
GB_GCA_002412545.1	UBA5214	Bacteria	5	0	0	0	0	0	0	0	0	1	H2 oxidation
GB_GCA_002412545.1	UBA5214	Bacteria	5	0	0	3	0	0	0	0	0	3	formate oxidation
GB_GCA_002408345.1	UBA5301	Bacteria	8	0	0	1	0	0	0	0	1	0	sulfide oxidation
GB_GCA_002408345.1	UBA5301	Bacteria	8	0	0	1	0	0	0	0	0	0	CO oxidation
GB_GCA_002408345.1	UBA5301	Bacteria	8	0	0	2	0	0	0	0	3	0	formate oxidation
GB_GCA_002431715.1	UBA5829	Bacteria	66	0	0	0	0	0	0	0	1	0	H2 oxidation
GB_GCA_002431715.1	UBA5829	Bacteria	66	0	0	0	0	0	0	0	1	0	sulfide oxidation
GB_GCA_002431715.1	UBA5829	Bacteria	66	0	0	3	0	0	0	0	4	1	formate oxidation
GB_GCA_002436065.1	UBA6077	Bacteria	37	1	0	0	0	0	0	0	3	0	H2 oxidation
GB_GCA_002436065.1	UBA6077	Bacteria	37	0	0	0	0	0	0	0	2	0	sulfide oxidation
GB_GCA_002436065.1	UBA6077	Bacteria	37	1	0	0	0	0	0	0	8	0	CO oxidation
GB_GCA_002436065.1	UBA6077	Bacteria	37	0	0	1	0	0	0	0	5	0	formate oxidation
GB_GCA_002085385.1	UBA6098	Bacteria	30	0	0	0	0	0	0	0	0	0	H2 oxidation
GB_GCA_002069885.1	UBA6099	Bacteria	11	0	0	1	0	0	0	0	0	0	sulfide oxidation
GB_GCA_002069885.1	UBA6099	Bacteria	11	0	0	5	0	0	0	0	4	0	formate oxidation
GB_GCA_002402105.1	UBA6191	Bacteria	17	0	0	0	0	0	0	0	0	0	H2 oxidation
GB_GCA_002441095.1	UBA6262	Bacteria	8	0	0	0	0	0	0	0	0	0	H2 oxidation
GB_GCA_002441095.1	UBA6262	Bacteria	8	0	0	0	0	0	0	0	0	0	sulfide oxidation
GB_GCA_002441095.1	UBA6262	Bacteria	8	0	0	0	0	0	0	0	0	0	formate oxidation
GB_GCA_002440765.1	UBA6266	Bacteria	5	0	0	0	0	0	0	0	0	0	H2 oxidation
GB_GCA_002716355.1	UBA6624	Bacteria	10	0	0	0	0	0	0	0	0	0	sulfide oxidation
GB_GCA_002731275.1	UBA6777	Bacteria	8	0	0	0	0	0	0	0	5	0	sulfide oxidation
GB_GCA_002731275.1	UBA6777	Bacteria	8	0	0	0	0	0	0	0	4	0	formate oxidation
GB_GCA_002451015.1	UBA6911	Bacteria	123	0	0	2	0	0	0	0	20	0	H2 oxidation
GB_GCA_002451015.1	UBA6911	Bacteria	123	0	0	1	0	0	0	0	2	0	sulfide oxidation
GB_GCA_002451015.1	UBA6911	Bacteria	123	0	0	6	0	0	0	0	9	0	sulfite oxidation
GB_GCA_002451015.1	UBA6911	Bacteria	123	0	0	0	0	0	0	0	10	1	CO oxidation
GB_GCA_002451015.1	UBA6911	Bacteria	123	0	0	8	0	0	0	0	25	0	formate oxidation
GB_GCA_002450905.1	UBA6919	Bacteria	4	0	0	0	0	0	0	0	0	0	H2 oxidation
GB_GCA_002450905.1	UBA6919	Bacteria	4	0	0	0	0	0	0	0	0	0	sulfide oxidation
GB_GCA_002450905.1	UBA6919	Bacteria	4	0	0	0	0	0	0	0	0	0	sulfite oxidation
GB_GCA_002721815.1	UBA727	Bacteria	60	0	0	0	0	0	0	0	0	0	H2 oxidation
GB_GCA_002721815.1	UBA727	Bacteria	60	0	0	0	0	0	0	0	1	0	sulfide oxidation
GB_GCA_002721815.1	UBA727	Bacteria	60	0	0	0	0	0	0	0	1	0	formate oxidation
GB_GCA_002478245.1	UBA7526	Bacteria	4	0	0	0	0	0	0	0	0	0	H2 oxidation
GB_GCA_002478245.1	UBA7526	Bacteria	4	0	0	0	0	0	0	0	0	0	formate oxidation
GB_GCA_002500605.1	UBA7883	Bacteria	36	0	0	0	0	0	0	0	0	0	H2 oxidation
GB_GCA_002500605.1	UBA7883	Bacteria	36	0	0	0	0	0	0	0	0	0	sulfide oxidation
GB_GCA_002500605.1	UBA7883	Bacteria	36	0	0	0	0	0	0	0	0	0	sulfite oxidation
GB_GCA_002500605.1	UBA7883	Bacteria	36	0	0	0	0	0	0	0	0	0	formate oxidation
GB_GCA_002296975.1	UBA796	Bacteria	235	0	0	3	0	0	0	0	1	0	H2 oxidation
GB_GCA_002296975.1	UBA796	Bacteria	235	0	0	4	0	0	0	0	1	0	sulfide oxidation
GB_GCA_002296975.1	UBA796	Bacteria	235	0	0	1	0	0	0	0	0	0	sulfite oxidation
GB_GCA_002296975.1	UBA796	Bacteria	235	0	0	0	0	0	0	0	0	0	CO oxidation
GB_GCA_002296975.1	UBA796	Bacteria	235	0	0	1	0	0	0	0	2	0	formate oxidation
GB_GCA_002070955.1	UBA8108	Bacteria	58	0	0	0	0	0	0	0	2	0	H2 oxidation
GB_GCA_002070955.1	UBA8108	Bacteria	58	0	0	0	0	0	0	0	1	0	sulfide oxidation
GB_GCA_002070955.1	UBA8108	Bacteria	58	0	0	0	0	0	0	0	3	0	CO oxidation
GB_GCA_002070955.1	UBA8108	Bacteria	58	0	0	0	0	0	0	0	1	0	formate oxidation
GB_GCA_003449495.1	UBA8153	Bacteria	3	0	0	2	0	0	0	0	2	0	sulfide oxidation
GB_GCA_003449495.1	UBA8153	Bacteria	3	0	0	2	0	0	0	0	2	0	formate oxidation
GB_GCA_001790955.1	UBA8248	Bacteria	48	0	0	0	0	0	0	0	1	0	sulfite oxidation
GB_GCA_001790955.1	UBA8248	Bacteria	48	0	0	0	0	0	0	0	17	0	CO oxidation
GB_GCA_001790955.1	UBA8248	Bacteria	48	0	0	0	0	0	0	0	17	0	formate oxidation
GB_GCA_002070645.1	UBA8468	Bacteria	55	0	0	14	0	0	0	0	8	41	H2 oxidation
GB_GCA_002070645.1	UBA8468	Bacteria	55	0	0	12	0	0	0	0	0	13	formate oxidation
GB_GCA_002782605.1	UBA8473	Bacteria	11	0	0	2	0	0	0	0	0	0	H2 oxidation
GB_GCA_002782605.1	UBA8473	Bacteria	11	0	0	1	0	0	0	0	1	0	sulfite oxidation
GB_GCA_002782605.1	UBA8473	Bacteria	11	0	0	5	0	0	0	0	2	0	formate oxidation
GB_GCA_001872685.1	UBA8477	Bacteria	39	0	0	0	0	0	0	0	0	0	H2 oxidation
GB_GCA_001872685.1	UBA8477	Bacteria	39	0	0	0	0	0	0	0	0	0	sulfide oxidation
GB_GCA_002780065.1	UBA8481	Bacteria	6	0	0	0	0	0	0	0	0	0	H2 oxidation
GB_GCA_002780065.1	UBA8481	Bacteria	6	0	0	0	0	0	0	0	0	0	formate oxidation
GB_GCA_003576915.1	UBA8742	Bacteria	33	0	0	0	0	0	0	0	0	0	sulfide oxidation
GB_GCA_003576915.1	UBA8742	Bacteria	33	0	0	0	0	0	0	0	0	0	formate oxidation
GB_GCA_002722645.1	UBA890	Bacteria	25	0	0	0	0	0	0	0	0	0	H2 oxidation
GB_GCA_002722645.1	UBA890	Bacteria	25	0	0	0	0	0	0	0	0	0	sulfide oxidation
GB_GCA_002722645.1	UBA890	Bacteria	25	0	0	0	0	0	0	0	0	0	sulfite oxidation
GB_GCA_002722645.1	UBA890	Bacteria	25	0	0	0	0	0	0	0	4	0	CO oxidation
GB_GCA_002722645.1	UBA890	Bacteria	25	0	0	0	0	0	0	0	2	0	formate oxidation
GB_GCA_001800605.1	UBA8919	Bacteria	12	0	0	8	0	0	0	0	1	10	H2 oxidation
GB_GCA_001800605.1	UBA8919	Bacteria	12	0	0	3	0	0	0	0	1	3	sulfide oxidation
GB_GCA_001800605.1	UBA8919	Bacteria	12	0	0	3	0	0	0	0	0	3	formate oxidation
GB_GCA_002726535.1	UBA9042	Bacteria	130	0	0	0	0	0	0	0	4	0	H2 oxidation
GB_GCA_002726535.1	UBA9042	Bacteria	130	0	0	0	0	0	0	2	0	0	sulfide oxidation
GB_GCA_002726535.1	UBA9042	Bacteria	130	0	0	0	0	0	0	0	0	0	sulfite oxidation
GB_GCA_002726535.1	UBA9042	Bacteria	130	0	0	0	0	0	0	0	0	0	CO oxidation
GB_GCA_002726535.1	UBA9042	Bacteria	130	0	0	0	0	0	0	1	0	0	formate oxidation
GB_GCA_003498085.1	UBA9088	Bacteria	8	0	0	0	0	0	0	0	0	0	sulfide oxidation
GB_GCA_003498085.1	UBA9088	Bacteria	8	0	0	4	0	0	0	0	0	0	formate oxidation
GB_GCA_003485015.1	UBA9089	Bacteria	1	0	0	0	0	0	0	0	0	0	formate oxidation
GB_GCA_002170485.2	UBA9160	Bacteria	264	0	0	1	0	0	0	8	10	0	H2 oxidation
GB_GCA_002170485.2	UBA9160	Bacteria	264	3	0	0	0	0	0	3	9	0	sulfide oxidation
GB_GCA_002170485.2	UBA9160	Bacteria	264	0	0	2	0	0	0	9	34	0	CO oxidation
GB_GCA_002170485.2	UBA9160	Bacteria	264	7	0	1	0	0	0	36	64	0	formate oxidation
GB_GCA_001803705.1	UBA9217	Bacteria	54	0	0	21	0	0	0	0	20	0	H2 oxidation
GB_GCA_001803705.1	UBA9217	Bacteria	54	0	0	26	0	0	0	0	24	0	sulfide oxidation
GB_GCA_001803705.1	UBA9217	Bacteria	54	0	0	25	0	0	0	0	25	0	formate oxidation
GB_GCA_002292025.1	UBA994	Bacteria	27	0	0	0	0	0	0	0	1	0	formate oxidation
GB_GCA_001804915.1	UBA9942	Bacteria	9	0	0	0	0	0	0	0	0	0	H2 oxidation
GB_GCA_001804915.1	UBA9942	Bacteria	9	0	0	0	0	0	0	0	0	0	sulfide oxidation
GB_GCA_002291985.1	UBA995	Bacteria	13	0	0	4	0	0	0	0	3	0	sulfide oxidation
GB_GCA_002291985.1	UBA995	Bacteria	13	0	0	11	0	0	0	0	10	0	formate oxidation
GB_GCA_001791795.1	UBA9980	Bacteria	10	0	0	0	0	0	0	0	0	0	H2 oxidation
GB_GCA_001791795.1	UBA9980	Bacteria	10	0	0	0	0	0	0	0	0	0	formate oxidation
GB_GCA_013359215.1	Uabimicrobiia	Bacteria	9	0	0	0	0	0	0	0	0	0	H2 oxidation
GB_GCA_013359215.1	Uabimicrobiia	Bacteria	9	0	0	0	0	0	0	0	0	1	sulfide oxidation
GB_GCA_013359215.1	Uabimicrobiia	Bacteria	9	0	0	0	0	0	0	0	2	3	CO oxidation
GB_GCA_013359215.1	Uabimicrobiia	Bacteria	9	0	0	0	0	0	0	0	1	0	formate oxidation
GB_GCA_000431315.1	Vampirovibrionia	Bacteria	1135	0	0	0	0	0	0	0	1	0	H2 oxidation
GB_GCA_000431315.1	Vampirovibrionia	Bacteria	1135	0	0	0	0	0	0	0	0	0	sulfide oxidation
GB_GCA_000431315.1	Vampirovibrionia	Bacteria	1135	0	0	0	0	0	0	0	0	0	sulfite oxidation
GB_GCA_000431315.1	Vampirovibrionia	Bacteria	1135	0	0	0	0	0	0	0	0	0	formate oxidation
GB_GCA_000155695.1	Verrucomicrobiia	Bacteria	4414	7	0	15	0	0	0	1	142	2	H2 oxidation
GB_GCA_000155695.1	Verrucomicrobiia	Bacteria	4414	13	0	3	0	0	0	0	149	1	sulfide oxidation
GB_GCA_000155695.1	Verrucomicrobiia	Bacteria	4414	0	0	0	0	0	0	0	0	0	sulfite oxidation
GB_GCA_000155695.1	Verrucomicrobiia	Bacteria	4414	0	0	2	0	0	0	0	4	6	CO oxidation
GB_GCA_000155695.1	Verrucomicrobiia	Bacteria	4414	15	0	5	0	0	0	1	179	6	formate oxidation
GB_GCA_001464065.1	Vicinamibacteria	Bacteria	851	3	0	0	0	0	0	0	15	0	H2 oxidation
GB_GCA_001464065.1	Vicinamibacteria	Bacteria	851	0	0	0	0	0	0	0	13	0	sulfide oxidation
GB_GCA_001464065.1	Vicinamibacteria	Bacteria	851	0	0	0	0	0	0	0	0	0	sulfite oxidation
GB_GCA_001464065.1	Vicinamibacteria	Bacteria	851	2	0	0	0	0	0	0	23	0	CO oxidation
GB_GCA_001464065.1	Vicinamibacteria	Bacteria	851	0	0	0	0	0	0	0	8	0	formate oxidation
GB_GCA_002413145.1	Vulcanimicrobiia	Bacteria	294	20	0	0	0	0	0	0	5	0	H2 oxidation
GB_GCA_002413145.1	Vulcanimicrobiia	Bacteria	294	12	0	0	0	0	0	0	3	0	sulfide oxidation
GB_GCA_002413145.1	Vulcanimicrobiia	Bacteria	294	21	0	0	0	0	0	0	6	0	CO oxidation
GB_GCA_002413145.1	Vulcanimicrobiia	Bacteria	294	12	0	0	0	0	0	0	3	0	formate oxidation
GB_GCA_000406005.1	WGA-4E	Bacteria	245	0	0	3	0	0	0	0	1	3	H2 oxidation
GB_GCA_000406005.1	WGA-4E	Bacteria	245	0	0	1	0	0	0	0	1	4	sulfide oxidation
GB_GCA_000406005.1	WGA-4E	Bacteria	245	0	0	0	0	0	0	0	0	27	CO oxidation
GB_GCA_000406005.1	WGA-4E	Bacteria	245	0	0	4	0	0	0	0	1	4	formate oxidation
GB_GCA_001771365.1	WOR-1	Bacteria	81	0	0	0	0	0	0	0	30	0	H2 oxidation
GB_GCA_001771365.1	WOR-1	Bacteria	81	0	0	0	0	0	0	0	5	0	sulfide oxidation
GB_GCA_001771365.1	WOR-1	Bacteria	81	0	0	0	0	0	0	0	10	0	formate oxidation
GB_GCA_001303225.1	WOR-3	Bacteria	145	2	0	0	0	0	0	0	10	2	H2 oxidation
GB_GCA_001303225.1	WOR-3	Bacteria	145	1	0	0	0	0	0	0	0	1	formate oxidation
GB_GCA_013139225.1	WTBG01	Bacteria	54	0	0	16	0	0	0	0	0	0	H2 oxidation
GB_GCA_013139225.1	WTBG01	Bacteria	54	0	0	2	0	0	0	0	0	0	sulfite oxidation
GB_GCA_013139225.1	WTBG01	Bacteria	54	0	0	17	0	0	0	0	0	0	formate oxidation
GB_GCA_009619095.1	WVXT01	Bacteria	19	0	0	11	0	0	0	0	0	12	H2 oxidation
GB_GCA_009619095.1	WVXT01	Bacteria	19	0	0	8	0	0	0	0	0	7	formate oxidation
GB_GCA_011526105.1	WYAZ01	Bacteria	37	3	0	0	0	0	0	7	11	0	H2 oxidation
GB_GCA_011526105.1	WYAZ01	Bacteria	37	3	0	0	0	0	0	6	15	0	sulfide oxidation
GB_GCA_011526105.1	WYAZ01	Bacteria	37	0	0	0	0	0	0	5	4	0	CO oxidation
GB_GCA_011526105.1	WYAZ01	Bacteria	37	2	0	0	0	0	0	2	7	0	formate oxidation
GB_GCA_005801425.1	XYA12-FULL-58-9	Bacteria	36	0	0	0	0	0	0	1	0	0	H2 oxidation
GB_GCA_005801425.1	XYA12-FULL-58-9	Bacteria	36	1	0	0	0	0	0	1	1	0	sulfide oxidation
GB_GCA_005801425.1	XYA12-FULL-58-9	Bacteria	36	1	0	0	0	0	0	0	0	0	sulfite oxidation
GB_GCA_005801425.1	XYA12-FULL-58-9	Bacteria	36	0	0	0	0	0	0	1	0	0	CO oxidation
GB_GCA_005801425.1	XYA12-FULL-58-9	Bacteria	36	0	0	0	0	0	0	0	1	0	formate oxidation
GB_GCA_002329445.1	Xenobia	Bacteria	55	0	0	0	0	0	0	0	3	0	H2 oxidation
GB_GCA_002329445.1	Xenobia	Bacteria	55	0	0	0	0	0	0	0	1	0	sulfide oxidation
GB_GCA_002329445.1	Xenobia	Bacteria	55	0	0	0	0	0	0	0	0	0	formate oxidation
GB_GCA_001799195.1	YA12-FULL-61-11	Bacteria	1	0	0	0	0	0	0	0	0	0	sulfide oxidation
RS_GCF_000012865.1	Z-2901	Bacteria	4	0	0	2	0	0	0	0	2	0	formate oxidation
GB_GCA_001871195.1	Zetaproteobacteria	Bacteria	146	42	0	0	0	0	0	0	0	0	H2 oxidation
GB_GCA_001871195.1	Zetaproteobacteria	Bacteria	146	84	0	0	0	0	0	0	0	1	sulfide oxidation
GB_GCA_001871195.1	Zetaproteobacteria	Bacteria	146	0	0	0	0	0	0	0	0	0	sulfite oxidation
GB_GCA_001771235.1	Zhuqueibacteria	Bacteria	162	4	0	2	0	0	0	0	1	0	H2 oxidation
GB_GCA_001771235.1	Zhuqueibacteria	Bacteria	162	5	0	6	0	0	0	0	3	0	sulfide oxidation
GB_GCA_001771235.1	Zhuqueibacteria	Bacteria	162	5	0	0	0	0	0	0	0	0	CO oxidation
GB_GCA_001771235.1	Zhuqueibacteria	Bacteria	162	1	0	1	0	0	0	0	2	0	formate oxidation
GB_GCA_002305165.1	Zipacnadia	Bacteria	75	0	0	0	0	0	0	0	2	0	H2 oxidation
GB_GCA_002305165.1	Zipacnadia	Bacteria	75	0	0	0	0	0	0	0	0	1	sulfide oxidation
GB_GCA_002305165.1	Zipacnadia	Bacteria	75	0	0	18	0	0	0	0	4	26	formate oxidation
GB_GCA_016929395.1	Zymogenia	Bacteria	11	0	0	4	0	0	0	0	2	0	H2 oxidation
GB_GCA_016929395.1	Zymogenia	Bacteria	11	0	0	1	0	0	0	0	1	0	formate oxidation
